docid	prediction
ZSJnW6faaNFQoqq4ALqYg	4
Rcbv11hm5AYEwZyqYwAvg	2
rkRTjhu5szaBggeFVcVJlA	4
dhmeDsQGUS1FXMLs49SWjQ	4
z9zfIMYmRRCE4ggfOIieEw	4
Xtb3pGSh39bqcozkBECw	4
DOUflAGzxLsXG6xOmR1w	4
0RxCEWURe08CTcZt95F4AQ	2
MzUg5twEcCyd0X6lBMP2Lg	2
uNlw2D5CYKk0wjNxLtYw	4
OtJzdwItIZrDEw7zSsGC9w	4
OiPjq9laAwR0RrLKzEiBg	2
Ear2u56nOFhoXpkFc7cAg	4
AMxo2frXTlaOqRLstWZOw	4
HqtEtHHDgSM0ctJHehaWaw	2
MS4cwENw3pybvd2EbnPc5w	4
PFmocUOXp92QWVDaFA	4
Wi9nelif4zOl3Vux2tvyXw	2
YHbdCgGuNCKgKFfPawh4MQ	4
zXIEOzL4NsyFzn5dbZudkQ	2
kWHCkWRa4uwNAC2pwcwg	2
xOPovcA4LBXS9JbupGObCQ	2
gjWVccNw6kB2UycZAEzyQg	2
JemvAfRVgCASkI3uG3Vffg	4
r1HxaW8hCo1FE9wrkchTg	4
4kkI0UXYIHKxuJb5uo5WYg	2
XPT5TeBby2ehdpyDLVVu0w	2
oFCYz6HmRqQxrERVC2bn7A	4
gNiEcoEDgLiQ2XJLqnOFrw	2
iwIos1vaQ8d7cWM3X8RZcw	2
IPPY3JMCtT33YVnn4vzg	4
pe11Rpin6Zto2RlGdZI2g	4
NvJajdzohHyEhMBzfzpJMw	2
Mkptp6T0QPt3g85UYuJA	2
eRIxO4qj4dOLbYYEi2Lgkg	2
NzQAxxtPLKxrzdfNsNPbcQ	2
XZXxnDzC4W8p0itQTOGA	4
5O2zENU16a41zgTpgvuYrg	2
QcS7p8dGmOxAsPd3K5FnQ	4
9xizfHBru571CnJ5MNCRA	2
zlb4jug6LFygvZmhxmIGYg	2
AQ9Rvu4VptNY5s3PSMOJw	4
AGuqCk2qmwAEH91CBiCkWg	4
sgT9K9IAcH8X8xJgSypuvA	4
wdnJjV63trYgSh55DASlw	4
UBzOEtSK1X1Ej7EIv54bQ	2
FfwKNl6dDkql7zNs4t6AfQ	2
qcYVoRfS5bCJ7WPeDalKg	4
orQc1Pf45m4yqvelSNb7Q	2
Pqnr1S7PXoUqSuGqJqYDlA	2
0HopjwSWGVfXeOw5Agadmg	2
oGB8OmAp0SWSmycxhA4NQ	4
eHH28w3VfhM9GNUjgrzrgg	4
G1Yl5jXMA3SI4AAMlYD9rw	4
pCeYha3SCm6dDrWrpuqZQ	2
qsGzcJoYXfs8dloXKcY27w	4
HPzDaSpqImBNFqrQnzHTA	2
Tt2wr1JUsU5XpUKNXCXzg	4
nX5vLM62gnpHwRc66RAk3w	2
SeKXTzndnk1PPyrZ8sEXw	2
jCQIsQBnt19jjKiinZMmTQ	4
9rGCzoB2R9ypcxd3sOWVw	4
PDXHVsj0HpKW0FrPxv9X4Q	2
8VgrUvvj6dAZ9PLwUPsHAw	4
pUX9YXHyZh8rzaYtuQ7tVQ	2
pwbagO112bPBkWsp2QRqg	4
RTEpdt9YEA64g7qe1FMGSg	4
bXfEWJlxol5sHtH3UuTQ	4
O1XRHpdG7yUEeLtzcyCZcA	4
Ndd2bxkAC2zgBwQs2T08A	2
RW7ymWqzpkON4SnNFHSAw	2
3NqYNudoidsaxKhQxmJpJA	2
l52vf2hq0H1T9pLGBuiqQ	2
hUPkxsTf9wsjAeng9upgQ	4
rlff8Vm5FEiOGinkzwWYg	2
wjPK0stv7c4JdRXo57SKA	2
rfRUo11E86KmNBg6lJFOfg	2
BKO574v4MH4AQK6IN15TXw	2
tgPIyJ87iE7YXk7O7ltdA	2
4QPO78MiuIgzpSUhkLzBZQ	2
akjKTPZCtA91dI3q3cyRXw	4
b4VJro0kbeTmn7ndhVKRuA	4
6Xjwdfm8fWlcIA39QUyMQ	4
YNlIluNBGUw8nTGJJVZ6g	2
QYRavwhAQkjgYVOHUWcig	4
DdKOmGS5tcdaWKnhClghBw	2
2KlP7Y0rGF6vlLDzjveA	2
N3UMc0c6qUu5tsjkiv0gpQ	2
2sfx3Ii3rWKoV4kl4rRkw	2
2usW1uFIlRM3Pr9ptomI9g	2
4lnqQIQGwgcMgO2JUuPF6w	4
qkyNXcLjSIUEVLRaTehP4Q	2
BZPppzSkzRd2bFC71xu0g	4
IkMtbjK5ihnt48tUKquyMA	4
xq57HvBC2Rl8RdzF33t3vg	2
it7nhOve3lkjSWpiZg7TwA	2
Ivn5n8cv3fUQrm1BN18cYQ	4
ynAIF3MtgdX5ksKzVNuDw	4
9Y4tVmtpFCm9uaGtvbBAuA	4
CB6fMlHA2byooi5nc9aA	4
eYQffqMIJIFUeZr8b2D0yA	2
AIB5HueYDZ1zJT4mJ4qF7Q	2
8Tk6AFKUBREz4XwtpF9Q	4
Mg2dJXG1yeHL1wmnjpFoVw	4
Y19BcxJpyMN1EExLekxaqQ	4
0luIj22eUYe0PvmGqPuT3Q	2
fZwBiZtS71pziq5L5LAs9w	2
ocWTLghWWFW4wgfUX1aupQ	4
ssy3XWMG12swsL8GE9vtg	2
oIQEQjYTpneKIj65998mzg	2
NR6A1fd0aI22048r7CWgyw	4
8QesJI2h9NadQ9G0oR4b9g	4
i1QApSQt8a1PD65qMy4jw	4
t9shce4Ut9BMYND9Eif8g	4
VYw2afIpmuLY9aUcjXZRA	4
3ht5RE0RZsrQJ8Oopee0sA	2
aOOzT3CNAzPSMXLTE7p0LA	4
26RVMCBt8xKGxCIBUaHvg	2
ji0deI5TEFsnaDl7e5Fg	4
LENWXoobfRTaTtwMGf37w	2
ReK8GGO04cSbw4zE3x2w	4
7B5FWGfF6firtoylA8Zg	2
lIaqtik8DDEOzEeyQ	2
z9B36uuuCJuRX3bECKFzQ	4
n3PPM8YkzIoSNiKulyQA	2
pfpuorLNG77iZDS3qLbnw	4
TIU97wIv0r4dsq8orxAg	4
eYAgHw5cAcX4hnghvnQ	4
1bEljbe12FkuHQD90a2MlQ	4
UzXP43LdEJMVvDlDQjOrg	2
FMzRzutyJMrMm1vkK2qrg	2
lEQZSgNRaR0m4jtFiLcaw	2
POpmmIYmXORiQxd7jLTriw	4
b86Kgjy1qgiUDAhWpVWBSg	2
ZekL4kigL1yg0GqqetSyA	2
xuDMKWxrwppi7f9ReTXQ	4
HzeU53SmLyzluGzOveFhdg	4
heenITfZxjozPuYwkGNvg	4
0dleRuSoRtOkEKBK0B7PQ	2
v9j7ogtVNJ0UrmPsJc7Miw	2
lBiX1RRFhht3tjlNVD9Q	2
a9YdRnMzStEZUmgYOxw	2
pyODwaaI7Ee9HxyL5rgzA	4
D5hIMG02NuAxG7PYNPgOwA	2
oRGMWakN4JhpS309Hylg	2
s6r40vC0unK97QjcjYKyQ	2
i7uFkdWyIms49pMRMPY5Q	2
c9p4ECkuL2EhllcnNKBGpQ	2
p6dyClGZaeRm6pg7ifz9dQ	4
WRs3KFY5P10VmvaJLGEig	2
u4ZW8VRed1d9lkctNBmUrA	2
mfjCRcD22kkfFGm6Exx1pg	2
w2G7joBrNuwN1iuTnpMLtQ	4
PNojrK8j5mRrw9ZRK4kmYQ	4
8iNpR7XnEWYxeOpZSc3Aw	2
qHM2s7VMVZ04V6FMg5zoQ	2
Ssj1MQTWJKvm3xfwXmQ	4
oHQRmNmoCDT3zdfsgjTrEw	4
wRe8ORmePFY8J10TO6cCFw	4
FXMO3cfSxVtQv88uqSYlmg	4
J3rJUuNGzYopJMA4JRJf3A	4
txVOIQEbJ2oLbR2QBl4eEA	4
ChYM6YThKEzhmiLEQo12Kw	4
n6H71vI6Ive0kgwqjDgIPA	4
oSmMztqmxe6ciyXqtn2Ww	2
dqD0X0A8GB3a77sOY1SZJw	2
sGlMlJEWx6eV9an9E4WiYg	4
0KEY9BvW8j18U86liRu4Yg	4
xaJzCxAbGHYhy7MTZ6zmQ	2
Ples3Xdg5sUrGV3caCwew	4
8lkeLLBVVqryVfW1DMTLBw	4
ADSEWvklW89aXKnPcy0lQ	2
21TBW5Bwg4FflkFt3XB7wQ	2
mlhPcEQQ4JPmzN6CRAo4Q	2
Wz5zWQZN8Dn2iz14gPTBJA	2
EpC2ZWhPBBNWaoIOM5cHA	4
ENfFCPUBlbdPIB8iqa38MA	2
T0vnvzijRhypVqYECRJJTA	2
od1FMjOQq1ASWTsOcLQZA	2
Hq5jYx1aYC4XwJwVyp9s6A	4
bu8grxktqpeK8LxfiskgYQ	4
RLL94Wn9qX7cnIoCfrIL4A	2
JNONHQnjA9dgn1ndrhntJg	4
9Kua2tBCieJnXT9BpfM9EA	4
Lb5hONkVtLcPGTAUfD7ciw	2
ryrRQzNyHoC1FP5X2jsTg	2
6B4RhvG9vaFLFhaunKlQ2Q	4
MWenLM5v6PuuNu3e4SvMGA	4
1VCLQfPZtiUprNU3wOQSCg	4
rFsEKxxykp44fqHlt0NTA	4
nLI0UYI9ONXTif1NrsZSQ	2
vdBynLicrQMcfjnzNOXz1w	2
Qb8y1uAbryDrrFuCQYNsg	2
g4fyFZZsDcOSHYUpDyTag	2
hcN0Lzl8HWlgq97Ft3D4EQ	4
4sl51OafknDDbl0kxLDsbg	2
o1qLwaRzoKdDwBFTixfSg	2
93adwuQm7FbtUP8WnpZRnw	4
HymY1CWx3LLbDcSlUHCxkg	4
DeLzHeCD8DInwiTLVLIdw	4
sYQCaZ6eeAIWplrN85Z7g	2
11ocB5F9TyDEiS7JxMXw	2
jklXB0xA6rNNl6CGbhAHQ	2
4IvTsG48kFrnikDyoqVZxA	2
E7gAemH6KVBTWGJMAWP0MA	2
8iIVG41NiMT0ESmU2YC3tg	2
hGNcNKcSo56F5moiSZGA	4
dc9zk4Dgg123DLi7jg	4
MYor82Xl8IHRuHGqBHf0A	2
6mWQBGJ3fuOBB8ENQedUZw	4
jBQOcCl2GStRoNogjUg8sw	2
3F3SgC4WOcdJpvfVqbbvpA	2
CgQpDxQQUflCxjTQxrLiQ	4
cWIkmAz9seJ7b7n942JdQ	4
SOYUx1MkFHxZwS4LyFg	2
ePlh7iHWeC9rT5kxJi6J8A	4
kkrTilptgFCW2xDby4o3SA	2
SuJ0lPgYvuR8ahUxIoNsSg	2
VOHKdym9kQuC7etKBtXZvQ	4
OsuO6001Gaesc1wesXZ4wg	4
oFZME3UJ2nZRRxnEO6dmnQ	4
qCieMFS4oEZpaeBsD26fw	2
LTx67hxZqx9Q3aKblc1UZQ	2
wTbTZ0cX9vYGA7ZBz0uA	2
1W00BPCNu5i8GfOcQcDa3w	2
WUEJe0gS8Svdutf1MdYFw	2
QRW2iSHkMSWv6cPf44VIuA	4
XSfZDA2CPBvGhgOzKcxqg	2
WAF32Uyf0vQLJMmWHDMEw	4
a0ghoYQNDBTJjn1ttuM5Iw	4
4xuhITkzvRCzRfpJU234vg	2
tBgIq5QTuT03nBHl64r3g	4
shV2lz9wYTXPFmNkAMEjlQ	2
tP74c37GQkj7tFS3Obw	2
buuhj6g1OtR0EC9rC64aQ	2
4fybWxcjjJMgGLlKgKZw	4
YfXrroTVKvIH0qtDFrpNlg	4
7l7SF8AirwN6btJFU7LNEw	2
gigZ1xJ74pQkiejpNZ4Cw	2
Zmy1IPGyH9WyFB9XTDr3iA	4
FCSMXA6bPmsOVXYw1vlNw	2
uRU8qXdNamgz6fmhFL8ZA	4
g8w132zgUuTKPiDtIsfS6A	2
mldH1yIFkZx5Wi8zloBSuw	2
7UBudywlZnuheVmYoE4LwA	2
kIfVdmWDWAHos3l7QyIpA	2
hjGh8Bb4bej3jSThD0dbVA	2
j8hrNttZpxekt9KCMvFuoQ	2
LxSvH1WlAqFlNBs2do9Ew	2
LPkiCXieeLWEd9hYIWG50Q	2
AQ9PSdSDkrPqdG44oyBUA	2
tWvu4cJgWSpvXaLtNVQA	2
BibXVDVJLyJeVP9GOJTf1Q	4
JL9CywEDsbH2vZ7R1CKXA	2
Rg4wZ7Q0OADiQcv5jdLeWQ	4
sjxgQ5LDFxD4tky4dBnpg	2
SFpdsBAfxriDR3gS8I3Xw	4
1IHkXTBrfdxh39FAjWBEg	2
kfbgtNxtuwIyLumkF2xwDg	2
xFD1MMlYbX3XXQuVLf2TCQ	4
9Qb9r7tA4w2KvSinRzvDw	2
HkAVcUU0FK4aUm5uHPbp9g	4
YsXFGpKKJpNdv700wLVEg	4
vTF42GlC49lRPlaMSADitA	4
s2rH85zoZ3cXVUTwqYIJnw	4
5x9revyoKZvnFJbmbmmTDg	4
SOjgjWKnI8F1IlrXic0Lw	2
QvtHevpCaEqWe0xzBgWoQ	2
UoaXFgPjjFZUGGsARd79Zw	2
tu0IJSoA9BWl25Up3icA	4
0ORHZBT1Q2guUYlsVK23nA	2
kDlrnf14ld85w64WysqQ9g	4
KS0QiYTfYO5oTZ5cl762g	4
WvRY3GbYOxdZXFJUWOLQ	4
Ow05Qnjlqf4aUtixjSXVQ	2
7c1z9uQwHc1U33P6T74Jw	4
MkvkybwWY6QaH8cUuOObA	2
b3KRSzwQlvjrp3LSs05eQQ	2
gOsb6keIDYeIjv3yJzkA	2
DS0xafrHpHBp6voi4QV3yA	4
YVVx5XsZniiDgmBXazfLvw	4
5zKXXc4hPMh0HIN9u3fGg	2
t8ZmTSRXizMoReDTrKBFw	4
7GUvoZB4SAKmBSQG5TYsiw	2
1osKxAdgnksR4uD6DpAg	4
kqrWSohmewZ9xEaj5oZejg	4
vl1XMefZtQhr9UEbVKXgIA	2
eGIsurU67wGj44R6AmFHg	4
aRu2X5uy6n6Htel9FuxduA	4
iq5tmME31xniYPGn54bUg	4
XmjsVuYt71MIGGGJJCGuA	4
F0KdyX9idFXykKBm9Neb7w	4
JnUXfKE3jz2K8RWk8C9eWw	4
gQf96eFPIR0Htuf7KA	2
eVSgaPp7eadSij9LU15XtQ	2
TMC31shyZEkKmM6y0SVDg	4
zYUfkoOadaBJ58f3kw	2
g8Pa5nfciRlfAh0LdKOw	4
yxFGJFJZTvKKhDaFR2896g	2
EpJYovK6L4lHgz2g6OPp6A	2
WuxUSwHiQeMW7pZ2uR5ajA	2
A3fmWsWZCXX702WmGk9cg	2
oTiyOXINjpOErme8jbQUA	2
ZJK2UoJ0ZSqkNzO96hVFGw	2
zggE1GpRubWtiOew1BT7Q	2
VudO4QAFxUWRP63IleagQ	2
NgVVUFq1FUQn7rk8yaUNWg	2
HGEEIFXZeLcxvztFOx4qw	4
Tub60O7VvqatWWa1vWDISQ	4
WKbTauSn6rETkDjlJyNbA	2
x1fSehgUKj3B4kuZ9mamQ	2
ZpbO6cBfrPWECq2U9Tdg	2
AGkgCTB7BD7r3UA2Gv6Ww	2
GypXBgcUBVhPj5HD8TTA1Q	4
fOs0z4KTCAHSuKxJBOlajw	4
PErR5WGQorHKaLmjKCOZA	4
TKImTSW0SxRptJQSfRXkRA	2
PseBIlr64dcgGq746p3lg	2
mPSw09IpGQGsqjF6xmvSw	4
1EkEutbruZAgCbYEhUBq9g	4
Yj4IA2BvaCrMOHe5k1lQ	2
gSug4B9ZiWI8npr5COfb6A	4
Le5HqwNVMGTXmELMxHRhRA	4
Smoo94ydPjrlR2DSxCx1xg	2
yPmg1mFrQuj2MzJWkjxjA	4
vATsk5XdH8MVbu65zmohw	4
cEEG9rRs38GTDaGd8p9w	2
WJNRQeljZjuV9xZoa6JP4w	4
KOmDZpgyuVLWpQmydfvCgQ	4
0MHH8oY3j4lSXdu10EFnUg	4
ODj8oKCRRcRIM4BXFupDwQ	2
NiMAlcBFlZjdCgJZMwVqGA	4
KWxrTloeM7nj5V22BqLV2A	2
bWhz0gwcvVOafbc47BXAXA	4
VIK1RnbubJQSEY0RHPCA	4
LKV2bnesCr18V0pKEHSwg	2
lVEW0MnPhK2tZTbiTZyQ	4
V2REDdebYKwg6B2g9l7Zw	2
QPWEX0XhpEulHGYcSoIwvQ	2
qRke8dASumtBqndBW4o5Q	2
T2fOMaax61md3zUO39oEyw	4
kRUBd1sVBYXASylBGJP1Mg	2
n87aPenY9PVf0DdlJLeNw	2
JhHgwXGbEH2oD4eaVsPsyw	2
P00gxHMmZkTEykI9eUh8Yg	2
aTBfcI9mc4fVPrmSJFyFhw	4
o7JQCFgkXmOSYGUPqvLZA	2
8EVxKwbiu9HPYYpWC2NkrA	2
ANIMr8xAkC4UiXS27sGtw	4
WAV6V58Gy2B1AAdq36RBwQ	2
KYccLguklj1dNPiMLEuBg	2
E0RhpiKjf5Ap0WocF5ZG0A	2
MpUEgtV6GNe6KMPeVruCkQ	2
abqdOgXz0W9z7tPqOqbQw	4
C3HpXtka7Z40NSAeoSlCA	2
XO9eZD4mxQW13yxmmNYtUw	2
qf3rb6m2SU3pw6nf6qFByg	4
sl8bxDHP3xaH57MFfHA	2
INimLquO7Y0ehmgxJCGc5Q	4
ASv1750Nj5s0fL8hucnAw	2
v3AyE7RFabip0OhaJX4jbg	4
95YBukYOGCX05H255ZsbUQ	2
EfBpke9BOIYnfnZvc8gkw	4
SVtTEAVa9OrwW0slSORtg	4
AYO4IUc4rlHUBfn8X7zI1w	2
vmWNeJGOnjqMXBDITLsA	2
GmoLPaK522aIIjyvULCNnA	2
z9219C2Tw2E752v7dlsTtg	4
H3OCCdhGxsFqQm0PiPJNag	2
pVNoR5MhsZuwLXGySovjw	2
06WlawD3Vd7uvQm88KQ	2
Q5Sq5y9mlI7WpYEfW4DrRg	2
Ml6bF42XVCBi1ubatGfyw	2
qjFfTEaci0FbIPzdzuUcGw	4
Qc0HtCvFrWregY6qgr3x7g	4
PmWYwnFJKAM9JQx2vAUgeg	2
da0t2i7JTBpJMlRawnoEQ	2
AQn6uf6W6SjcvrLsgo1FuQ	4
HwkeZuMsGIFfwzwwD2g	2
xl8lPqnu2NhxlgXYzP7O4g	2
q2wM162Bmc54asa0zKo5w	2
V1zxTpQsaLplnSUOeW9drw	2
UZ1BbY6z4dbakukZhDXpLQ	4
wyfqutBB1d6dl6Y8D2H2Zg	4
ksp2YLdE5xBnfZ6ajxbg	4
Q4MqdCW5dljzpbeALBG95A	2
uVHvAMudHUeT9W9uNgQ	2
ot0bDpJFuqyoBWN9hDeeA	2
5D2JefoJcDgDqnrJ4orDw	2
MNmYLWQMTaSaU68yNLg1hQ	4
FXlkroysYovvocnRuoYC0A	2
kArMj14rhOJX4FDrdsUkyw	2
3nUIZn6f3oeP2rFWgiMujQ	4
WWWb8dxS1p96pyW0Nfx6yw	2
h9MXLdofbIDdznHyTufu2g	4
7duruNWFoLfqs7luGAvfQ	2
OLCVlPhsDUp8f00eWqrg	4
iZ7Z6KMKDLOOvwVGTixlnQ	2
9d1ZlVdzCPNRPezadrRRuw	4
KIPgvyVh4y9SaCZ6O8fA	4
F6ddCjuiBDlGOmfcZto8g	4
w6gq8VgGJIPh641ZmzlhFg	2
qbLVBnLqewDbgpN9zsWg	4
4rmMiVcoiNX4QvTjtdGHA	2
KCGXBbi0Iiq0KMy1uYgw	4
oqaGreolBuOI0raFzKkA	2
sGAg70INGGV1oNMeLCG4gw	2
NW7nPjWNgIKYDIS9YOJ8g	4
nBJtAjcqtdvwe4UVW4R0dg	2
vmYrzRxmP56PVpMchJ5YqQ	4
Sqq0Equ4C8ew8obq4eg3Q	4
rgB5sWk6Vmd6ffDawqW1Q	4
AwVw5sQF8e0xucZD1UzN2A	4
Lxd9H2RZZWwUoGngKV9NQ	4
sKSFAL8VxuhCWdZTflINvA	2
7gV35V9fZJe3ZhosZtYQ	2
pljOqLqo2TRDMmSkTKIYw	4
nF8UttSNu33gc1XTpyBQtA	4
Ou6lvkZmWpvUkDs5nsWWQQ	2
cctvvZE5i6uLPTD6yzBHQ	2
tGCFLT1GlSMpN70NXsjsmg	4
5QmGWmwaw65WEWH2z5G7LQ	4
7g4k0b6QBT4MocGEUerx1A	2
Hl7f78c4p7DtE41EZ15NKg	4
vP24cxbaE1iWECg4UQaJbw	2
RR9VVx2qeUxUk3IRSoEJA	2
PijJlwAgxKXXRaEqoT5g	4
yN1KBOZUdXjgC0O7EKitUA	2
Guul7o1vDQVk7cbhJnAwQ	4
atMklzdQvJEhlGoHjohg	2
BO7aMR4RffEj94EbnWtYA	2
6IOMLa6ia9NjMyS8dRdwrQ	2
smSDEgckiXdpVHcwTRZSiQ	4
b8a6lT2cc2PHvftfqC82Kg	2
6D2dwEIvCbSYFXVfG4cFIA	4
UNRR0cuo5D6MiF5LVERoA	2
Py7gL24s9dYRUP2YFZMpgw	2
1HJ8SMoDfkvXRMIhlFfcA	4
sOTefUhPDlZOw5riN9WRQ	2
18mRTkJjFJ3LyqIOyaICQ	4
8cBzRL4hq9VGMLmScXICxQ	4
BuKBxQgQISOsmIruH4OlHA	4
H4voNUp1UQevsrkIClfjsw	4
puNbORbwTXtQdV2UzI7TQ	2
DNF0GSx0fsKAA8PF9g3A	2
DSnfOZd9xQ1VqZnMZH5uQ	4
tAR9xF9JAjGOI03oBGKYg	2
CtjT9pBlLB3iWN7QUsx5eA	4
02H1RTIh9tO5igxcBMI9w	2
tyyrFUejZxjmkfeasJ3Ig	2
VCYD9n8WXtoZPj0N2lkIw	4
EgqpUcgbKiuYo1OygNvHsA	2
fdLb7mZnDQV66yo5BuJ2A	2
OMmhJUq9lFWk1EzMcEDJxw	2
Kds9XSlkvzs7PXGjewSQw	2
WTsomXtaF2KjDrfCZVNaQ	4
mWPSQnUJOH8ejCVbVk7Q4w	4
cSs6a1eaHFJPziSPgSQTYQ	4
GRu80GzzFouU1M0v0R2wg	4
T9FBMjYrHEagZE3W31eaw	4
ZzruqbiMqkbJwQNCMxGvFw	4
mwlAb8q1RdVJGd21pUxUYg	2
JBO0WdE4yKpANhVp6GgfwA	4
IqXGV4Um2YeIbdAulJeMw	2
DrJbyrTBYPGYdBzsewiMQ	4
heflrrFkuF4JaLbMaqaZaA	4
XA2CkoyfIClMtN1cPlDLg	4
goON7ixvITcJcf50zxfYeg	4
Zes4Dwhafw80bGxfxEJ8dA	4
HrwJmNRnOTjHDUeomJdP9Q	4
h3yviDDCVlwntX3a3EoMQ	2
Jgh2KwRIdrg5CwH5p65lw	4
lHcx0Y9A296GFuX6yboBzw	4
4pCD6dI2bFw9kaoS9k2zYg	2
G59zibWNNUBK18FzDqI1w	2
BqPZdeICXwLRaGaXDbInJg	4
8zFNR6vjDd6j3OmXK5WPNA	2
8ClRn6Fupj8Crk5VMveALQ	2
0MaOHgvyVZbrINE2GDGTow	2
QFGik7nFWHgNKsSvTysiHg	2
Y8aArrf2dPLdlFClCbQg	2
f7vhe5Ac9sAM5eEmXj2rkw	2
Z6CuvnUZ2OBkKVk43bE45g	4
lh0cMsiFNEJ9qzhhmK0FkQ	2
mLBtlIHhyFhJt7Zo53PheQ	2
45MwKIVhgYjWKbxnSO2tg	2
1SjpixjzpBQApP0ABrCiYQ	2
2tdyQFUAYDIeP5QQljJBg	4
uKiNjk0rczFhJtkHOXJQ	2
ta2crUWgxYAc8Jccl60A	4
LHAA99peS1tIKC4meUkLHw	4
F6HuTzSQtxbBF4UNvPvrAg	4
j2O28wsXsPmfZwS73YbLA	4
xNxP21aNHU7zDUCFLIYg	4
JiA1zsVOIMScI6lTmlIB0g	4
DE9yyB19MfrDLPYuvr75GQ	2
HIgdl6QNqhZyyfB4ZwZT8g	4
QuWc6j306ZndN1qPNTBVw	2
iXnrNti4psnv2hPhumIH1w	4
2FNK18T85RAFMap4bY3KcA	2
iFIumfDjxAa73oIOiBDA	4
9deQuRIvRzU31T1e12C2w	4
dM0pzADtOSCMBJzwgtRFg	2
HhroA1KMwZAYBhoCXqN6g	2
QYfMCU8SRMOSQ3USyZ4diw	2
XzPcNUmnFJWEDmfPc16zBw	4
KZd2tUteZ1usUlZbmKERw	4
krpBRZSqcdZRJ3v5XdBdg	2
iZOHQF1gUvHmbCffHTRcA	2
RCzuCOlcvnF1yn53CDDvw	4
BYXtW2AAt2YffrUHJ936g	4
jXH9YaRnCV5gVX8wVwKA	4
gDkaxMdfxfEesQAX3VUWw	2
pTeyAyOhq65opsicOcwMw	4
lvmCIJLQunUmp5lwlqe97g	2
1e9558kzp1bvMMnow4jQ	4
00lpdGZwyyzkfYwLpgPoGw	2
4oKWgdXFGLDGj7eHy3jg	4
hiCjSIxfxgsN7ADkOBO4w	4
80QRekWstu8CT6PLgOxXlQ	4
smHsrCQGwPefsIq115aM7g	2
x5nYqE4pKNa8e5gOuumafg	2
WN53Lt088xCoIWAPVOKnJQ	2
FZdw5yexXA4RWY4nXgEgpQ	2
Iiw9ejZVemwLPIMLb3czA	4
LGlnYjMnIoi2Zxrlyi6NTg	4
mzRauKhViQrw7nnjjgBSw	2
bkz8NZGtBYQEdyJTrpw	2
w77i8ykHuLY4A0oJJL2Rg	4
MwTLlBdu2Kp1kUOyjCdQ	4
LyArCpV66LgbkUtWmCrpw	4
s9VkWAbkSTVqBOOpGuag	4
TVfaLtO6q6u5uOiA2STrHA	2
Rvx6coNzljIRh4ies35ukw	2
HbwRlNIorYdb7OGoD3oIQ	2
Bh8ctB7x6ponpPq0inn1w	2
jh0ojGp8R3JaWBnFOZxWA	2
I0NmCdxdWrTlIYVAxeO94Q	2
2hpXcFr8vXqpAF5SCPmV7A	2
UHGDikNvMck5LCOvoShUw	2
O8H8WRDaZCwDj7XAmhpKg	4
SfWtbQeG5AoSF82cfbo9dA	4
cAOMkJSb4jq3LQ75ou0g	2
JGT2bsJdtMZGdEj9SKuqQ	2
vubAeWRcuHEKMmZ6ZcMHw	4
BGi1r5keRz8JPLSo9okyTQ	4
tVD6U3edRLX9WcvnoqHqg	4
JTFH3PcbTPkLE9HJZWHfQ	4
DV9VW6BBrJXMHt2xsrbpQ	2
Psz84ChUoJPCinBxSBJOw	4
ZSJvlwYBTkot3dTZe5wBJA	2
IYmJZdG9FJPBQsrkS02A	2
wIcMIDxrZ5KoxJEjZcWQA	2
rHqhHys0acvIQG9DdYGiw	4
7BDpY8cOXLkXYfEbxTTVzg	2
RpilH5l5zqmfY0Z2tQryQ	4
6XlyeJAjhjwJjCcQidiWZg	4
AlZdPs8WLIjLwi1OOpKRcw	2
4ChY22gEgYculliZ2ftfA	2
xFMC3GB7Evk1FBjQqpJGvA	2
pyRZ5zQSUffvzccoztiPXg	2
YqTc73zlX2jakBtLAF92Xg	2
dG4cnvAKErLTcsIkHZwQ	2
SIoxwGeucu0BiHGR3iLw	2
RTJKmhZEqZQwmM7NCPqng	4
BDxxQ18QAnzsI7NEXOaQ	4
OtIoLmvWI7bGA5vWMPkRxg	4
XTmb15on60EanELSwiO7g	4
5cZFHKUPthuBexRhuBPPiQ	4
38el7luGrBdwnslBqoGBRw	2
Ip3CrUvwSvSbNY7YiLrA	4
0s4dzZdGmkSoYvLpDRuA	4
x60hmd6ctTRruKk5rQRjSQ	4
8piZWZza4k8Pl3xQmM2sQQ	2
HSY76wBrRTa53V3FAQDqaw	2
emPPkRndGmHxUm1NgmSEw	4
3K7SwTNotBbZdfpWtkA	4
iK4pRvOxudj7a6WvA5AlLg	4
WMoxa452KdJEMj7MevD5Q	4
RThLB2zpp3UrWJW2SyE8rg	4
m4UGe9eP9KHW0fZHptKWA	4
p9lMb6Omw79rZwjV5aYLRA	2
x8ZrUwyH2DxXPobnGkgJ0A	2
2aMfhDplIH3b1t6PEF7twg	2
cVIG0tLKp06YYh9EsWVO4Q	2
GMmGDasyE6o1RnaLVT9rEg	4
m2OAvw2EcEhwfotGQHyxDQ	4
mkx56dKu3O7V6dKOXAcJpw	4
7Ygg4uUVpiuFzGo2VyiGNA	4
9kXc84Kp6xy5ACkYh0dURw	4
JPDa4rDDMwK6VZiiapNeA	2
nsrfcVzWg50ibNOEpiMw	2
gfpeTDSgIghiSII55z1I6A	2
lvTM6L1hpsyt5HyvMhh6Q	2
NuZsOg0Ra8Pu2XyWWxQprg	4
Z3N54RTvmSyINIXb725NhQ	2
JzTko4EF9oHdBdZDAgwwtA	4
R1DTCd9Tt3e18ttzSRutOg	2
sptaJFiMyLo0dpiZWLnTWQ	2
OWwxI9h98wynZJlEc9ow	2
aMXeNrM3IHzx5OYB8uCcig	4
nV5RjbrGBATIcIU2RiDWQ	4
e0PIvIuIe53MTDcyqP8r4A	4
SuBSNQ6jhl624rbysCeoA	4
HcW3RBgGB0wFR2Y6wOoEIA	4
L4HpB6qIzA8ldnKp7AIXcQ	2
fa9v4EBnZIBYOBRxezueg	2
IyiBr7qB1cMSigThUSdA	2
N9hpnKEqymwyum7xmQGw	4
go46wVceAk4axScOOhTTyg	2
Xv9Et18zntQ104WxluHA	2
O1RU40LTpXZbso6ICPCRgA	2
IhojBsq0VbVdQynoupOA	4
YGV82Eb2HBKSWfq11J96Q	4
3KM9IiPrDUgRV39B7Ghw	4
rlPnXR1kaaKth3b7ommHLw	2
UDfAfL1oPOGQP6cH6vQdDg	4
wyLjYm40MD9GOxh86uFow	2
tS7dfmu5KQCH9yKxxEOakw	2
iKNJ7n6UIfDK1wXSGpGlQ	2
hGWY24QRqjtjMGp1nLsg	4
BVltOOuGgQSgoglU7BwyXg	4
HLunJiaAhOlimRQg03Crfg	2
xiTpJZPRH5JDIkEMFdUZA	4
D106L7j1hwhG0pMwOqr7tg	2
uaCzLXB6OXPOLnIQfscc0w	4
ewDkLiEbefAKrx27q2hvVg	2
JSvbn8LS7pgK66sRHem76w	2
wCZjvXkGfUi2Es8t3C5FOw	2
8JZ4MHMFuxJ3DbWwA4Hh7Q	4
EH3slopkKdPUmMGJRpo5A	4
vNgYU5txKTTseVGb51Pw6A	4
D2vfuTncEXblxc0e2tPxAg	2
oEwIk2GiN7yKehY6WfbFw	2
TtbpqpEB3PeA9PtDyy6Gw	2
duA4mfYs4yfOb00kmXtAMw	4
ggFD3lRPZ2Xti6ghr3Pw	2
ZP9k7RCgkwWNMQxSngUF7g	2
Lj491rMa2JPQjoLgmznRA	4
sQ1JjdWlWNj3Pu7bVeYEQ	2
F5fe4jJbVQx1SWjszHgIEA	2
Dc6Kd2K2QmKCl7Tq7EN1fQ	2
Z6vdiH6AMGgktlMIH6b6cw	2
srZZT48nAUMXml3IfZbwA	2
Dy5QJB5lxXmuKmNeIrkHjw	2
7EPKJm7bB6EsW0Ke0lRWKg	2
Z4KbtOQ7E8GZXykJlHhkOQ	4
LIfcD5AQEwLI4dlUq2XjQ	4
wbC6BYZbIt2796RlfXu3ig	2
9CsT9scBkddhQ3dQZqtwOg	4
GwcWVMCQoYket1xMakPP2Q	2
HTTc4zHBiCxc9KOE6ScIwg	4
iyDKyJJdCe75OvVLZztqKA	2
ni367OSy0QI1swsn0Zx6xw	4
8e6yQa0N8MUzwvx4qQchvA	2
XQtWUQma0h7MDvjPAdFixA	2
1jkTrdBLs0guW0Fp8pFug	2
vog7v7tWnqeJFkSLc29Xmw	2
zUEvvP260HQt6T9IXD2ysw	4
HJDuopG1z5lEA5awZOF2g	2
nPCfcMdnSDGN9K11LERA	2
O6OcNhiYShti7nhV1oIPA	2
IPOuWP345HKVOnsgP1JA	4
vDDcqkSvd4uLfYhLPjDYSg	2
y8ewo9g482eeyHiFJaIDQ	2
aNE1rIkvjYKmPCcJaKpEfg	2
BFPOpfm2m2drkRyXfBtNkQ	4
JVARBJy8TK0TOhAtaGFqw	4
scGA32gr4ggIpDXTpJY7zA	2
dvQgO5pl7ejkfAK9ebu0A	2
lGKDBSjJtsHzv76j09SgmQ	2
AAaV77HJ7xsaJNu48QZeg	4
UYCU5k96PQy1zQJvrshkoA	2
Em8sbMG1CUvWNx0YdrirEQ	2
dwpCNCR1YztEu65nHGfA	2
qdzrS3z64w411MyPuQLM6w	2
nZF5W7gk3Rplnwy2pKMxA	2
SZSdsuZgkg1oPSjRwD2A	4
ubT6ysDbbMfUgAYwsSkcAg	4
IhiGKvDejDdpALGdkSYjEw	4
NiJ8Wr9gI05HQkkLWmtyA	2
JjcmxeKgJuN9coGFsrNQ	2
ueEb6mj8v0LW1wXN0Q84hQ	2
wt0DUiTnpuarRscTDzaw	2
CUYrWow6IPKCqaYjMuPo3A	2
TiNwK9Ih03ao7CWX1jsx1Q	2
YObO9LpUEKKa5f7JbslZA	4
Oiv56m8LRRUb3UeBgy2CtQ	2
SkzqD2Y4NAckw6qPTD9jmQ	2
bgSbJAUFR2pkomlyeNPs7Q	2
TbrhLthiQjtHl6dmNQGg	4
8CDcF9tEMlFS7azTY4Xykw	2
hbtBe5wQni4SnGQ3s3R0Pg	4
eC14f1bfGyOsfooV7JgEIA	4
H8tJzQez27NrXi8BgMIVQ	2
wyz4iPM5piksfVvfRNfTw	4
q5MfoZBbMyKOQ65LLBPA	2
5cBSYqoWECng0bYuFZ8Ag	2
VzxXjdQZsJiBStVkpZXRow	2
6VcD0r8mupmidnLj0kC4Ww	4
YLkURKZR0iCg02N3oWNlw	2
ysFDilVLGQuG70Ygh2BHA	2
tibCeu86FRHWhUPbDbXhA	2
Zi6KcncWb2CzK23nU7Djpg	2
YTVZsNjwvzZV03AuynQaA	2
yIRox5fnY3oYe5RqywZTVw	4
sg2uQQykd8WlNekAqd6cmQ	4
hT9PE5ZeCxtHlgaYZfBRw	2
DH6v6Xm8iiSJIg3XHhJAsw	4
HTIM5HlFR8uHjBYoQdYO0g	2
27M4q01s1Q9O8JI53xzfyw	4
13hEpFRpsteqUSoY9IvQ	2
mQhjLYXSvfRmf8TfnXQSGw	4
xXIFkcW94YRI1pLNsWQcw	4
GJ7rGnza0a9iYRMevStQ	4
a11KoOgODLrLWSJqK7muxQ	4
GoNOlg56R2BqNDnpjH9lg	2
YbZ1oIapAr4VpRBPIPoww	2
tEtEr9coD6xxWGvxQYM0iA	4
nto0a0U7Twg3ylEI6PYVGg	2
NMoRcZTRL9Iqj9DRmzzmPw	2
1TY4XwHhXOy9IYnCFY1rFg	4
dsEuHryAAmA4XzhTDDUzYQ	2
Y3GL3cDkhLnDR6HDktHng	2
oUWuseNa2G4Dk9Li3DX0g	4
jLgZQ5XPQROD92zT5065gQ	4
lDs5DKJXaA9HxFNU4TCX2w	2
1OsrCY3B44YK19bPcONTLQ	2
lIWWnN7vGUSskj48oiX9CA	2
ODwNyToeV2iNkyITRaA	2
GfguBLTGqORdURC9mWVWw	2
q4Rk7clGEHrAloEoLVoKw	4
dGvvlPNVWJkulTIEEawxA	2
lPjiFWAVhm41NHI14ChTw	2
ze463v4XISk5VRtk883CkA	2
OvwWTeHskkXvS8AlINtJ4A	4
WjdxZn9l9ZbPE8nuj3g	2
4zWQ4g3kRzUyXDAGlGkraA	4
nB62qYyHb0fH7RGw9YlPA	2
nfxLl86rOaWiNAOBlmsbbw	2
7DEEDhkUPEOA7z47uiuo3A	2
9V9sySFGaiWicicUUJSUKQ	4
GV61MFTHRfldL9nw77H0g	4
eqyXzuhS8f9pnrcvD0EAA	2
wMukYDHvWpXGuCOlLazw	4
HxbQKZkNdOyobODl3ZbTA	2
Navh6BOoKy6eYPucTUaenA	4
fFGD878OLEmcz5xxHyXuFg	4
yJORbIQg1vgJ230u3mJUiQ	4
ewyF7EOnTlDNGoirRkAOA	4
zP1MttmJMKpd8d7Aeng	2
WHXOnLKKeqfiAkmReWRqJQ	2
mFwiOfhKwao3cOVHL1wSw	4
8KCnY3Yn0Yiz2E4Zy8Jzw	4
zBYRuwtgUxz0Z5Ki8AbQ	4
BvOGbnAWwdFiODxpumcwSw	4
T72Bg8sngpU6xCC7OXLhYg	2
UmfuSc91O2IesIXxPwayMA	4
6CafHKSyFm5jXVerfXMkzQ	4
PqEQ9JEd7biI9Tulw4oY2w	4
Bivgb2LTQ4Rbhg4u5muKNQ	2
or4IXdj6jlY8vODeZ0kmg	4
G9wBBqiu6op90GZozaguw	4
8t0bQlptu3F2KVjqPNEVQ	2
1vSVsDlZwM8gcXX0lnJX0A	2
g1GjFP2XLo2RElBxC0s0w	2
7mKtHRXfUl6EXly43fm4rg	2
pk4NEMcORiTKIu175E23rw	4
oIFKPspHMI9CczptoBvqQ	4
o15Q593iNa3yKSS9tx4UwQ	4
cEBEIELuOJzvohoKulU2w	2
dgHYSAxAYxUAhAQLkLtBg	4
ekCU9HkZZhBb7iZLYvW3w	2
olkZULcCO0uHQYUTEqUkw	4
H7SuJVeD6jAkvjXCJJVA	4
BJHtwY2rBRtk9vxV9PMYKg	4
3zEXDAEPaLCJOWgMTpqqyg	4
WwkpQ9ZGKGRYoekmdFePng	4
e52Wf1yu0gprsvPJ7noFeA	4
V304utXrKqfOSi51W7O7bg	4
9bFXFotlTm2eun107fg	2
LZ1Ol9tGNkCOknLKuFZlCg	2
8OzJsjwWdmjDNdsTNY522A	2
Vh01xcWYK4cH9MN3Nx1ZA	2
8xkjKoudDjJAAjUQ4mp0tQ	2
xVUX9mnjwHxN4u8ruec6g	4
RwaUSwhurwjm8vX9EYvOGQ	2
NrxyuuAc2oWcgFhpChDOxQ	2
tn25XEnwjuI4guOtXoshdw	2
WAq9OcHxIq3jJuIbd8EafA	4
q3c6Yf4x31rhpiCPAH04Uw	2
RFwfnJrURSlvvgXX61StNA	4
Ozi4tjQGY4qF19CGCA5LsQ	4
IymCUlZgXXkvPwZFylnquA	4
4eMmtWxYPdUMbrLCrZxEA	2
KxkjQP3RsqoGt6LVEWFVw	2
Bv6Ceep6BuE9vVKaaxHzg	4
isJtzQRbLuV5tLqmNsHKsw	2
uU8FdBCB6Y7VpXIWgRdgng	4
fYkgh8WlvLzKvdtNyvQA	2
PJItMAgkGRjgm0gm0pC9Fw	2
UbGoV9wtBvLdFCQFQYdwA	2
lgbOffVAQM5YepOx9fomw	2
OBFHep1gsFLbpPZqtPNFpg	2
HCd0C1kEeREQRxyGDsdwyA	2
fnZwKkfjqjxMZqfNG2OCqw	4
f1nj2S5NCYH0e0pQ0Cgkrg	2
aia5ELBiR8JnmYkAkXu4LQ	4
vIEXv7cPBAUSImOqZ6s4Q	2
r0dW9M8QPc9E4u6RtePeA	4
W6TGRqpaKofwHt5Ag4KQ	2
wOgIcAWn2ioLl3PP1rY5g	2
cxBLK9Wgbub6T9ZvCwCWsg	2
VLXYGod7DHneGXDYXROCGQ	2
T3e4kSaPVfox0HkOwRQCw	2
nWEkDXiIEt0z4U5Jg0gDQ	2
KtEqxMRPfYzelfbRCV02cw	2
u6KuiGhksxhPjPr3MJ9yqg	4
UzWF7YfJCf90by01YKuSNQ	2
SJGin10pjFzpSLk15VA3Vw	2
fk8zZyiLJ2rfOGxPIxDUOw	4
SDOhjelXslDgeCEiDBmQ	2
sHb04R2gXLxpVtQ5BHmA	4
KX1fBcexjVhB2r3ETTfzg	4
Wf1DzvxtHkMvQvWm96oFA	2
4XvR3c1P4ASfSoBkJedDA	4
XcXI7vX2MQysn8yfohr81Q	2
kKRqZHXCrxoBwW4ujLHw	4
86mIv7MBMKEhXtQ50ryyw	2
mNDCETnQmXjAMJZsvJPesA	2
3wOSOnkQtLf0w8sbBNw	2
MxVYRXz4sYhuluDE0UIlw	2
VXoOTN61NPH7E4OmMhMIeg	2
2t9R3nzNXgzP3J9nDltBLw	2
dyku5iDaiFPgTD6xIUtvA	4
i8GWOEV4EQpDRHPTwyCjbA	4
iitQsDdgiBBu9j5WtfUrQ	2
r9GiZFoDCd2IjJVmDEidw	4
7Ny1ywP1JakM1MqBuWtQ	2
m4skonORqv1D2sBWcWEYw	4
dTFr8lCJwZVDWOxv4aSTbA	2
9RiykgCFk9NGP62NOqpZXw	4
ZxD23Lsos8jdxDnfhpYrw	2
wBfLRxYOnq1rnFkeiAr0TQ	2
BjIR0v7vN0KmFiuWyUJZjQ	2
P8jcFfC5YCOzkoTTVQAJFQ	2
L1lM4L7RRkOwdx6bjxbAKA	4
pTJzkjMzdmBf7HJAV3FPcg	4
be7pwES4vZkeD5hHCGLXA	2
xp8lkjPolLwA0HXLfRf0wQ	2
7oVwQgoSzLWOEIek3IQ82g	2
gWHTpl3REghqiSFGRTtUNA	2
O45mWcZwxQc8jfRxeZ6FSw	4
zadWar96USu6pDXTLDHKg	2
HBMJ8c8LCeiuKZ6kOcqXQ	4
aMLVs7GNMaCHUuwevNJZSg	2
4KMhX8herbyq8pOwajkQA	2
YNzyhVkp4EYlXr123REg	2
Tl2HN3bOKOPpvZQJ7vGjw	4
aU8br1NfiMQG1LLTLmKA5A	4
VzbOlIS1m2o0A9KWNi9lQ	2
oMn9FBEugtdGqKhtnuhDqA	2
fUeEQV6V5OGZaLOEjDzQEg	4
hTPYwIyaFYQHlAPANtOpdg	2
atRKMjEPtF2YacGPe9gTYQ	4
j1v9RPXdEhNpc66hiRw	4
Mn2ibj4HlLa0VHvw6aB8jw	2
9J9YTq8TPsOlRErey1mAg	4
BSkYL2GpyZX4b7QViIibkw	2
SpC9s2az7KF3nGCXKzMjkQ	4
O3fWLR8I3ZAsWGqXA89QZA	4
alygwgunL5FUrha4rN067w	4
dKYmyuJqSwbQQ6LrPHWEA	2
dzSyFEeptnEbjVE5HwQVbQ	2
VDR8vijpcoblm2SlhKjZg	2
uJOlVHw484ssnx2ww87XQ	4
1yLiXecdpf4VbXPJmPo9g	2
u2ymFr9KthTpUDKOi8JLsw	4
b5XR5Ce6F2vi6Ftf0BtwQ	4
9bJY7WZcSUZYCngRybkhDA	2
Ctx9Npt6Z2sbBBEeQiMzNg	2
xW77irOciIdJl8Fh61h4fg	2
piRZdTELebEEaNnT2PpJg	2
jBaClWyRUOAQXFeRMlB0Lg	4
fOkLbJEuYjjtjmlCzTGbwA	2
KV4a1jQnu85TZvb9qwYiQ	2
tmnp51XmtMzOkE0tVyncg	4
uP44p1p26fppzzViBg	2
CfzorUtWPOGTpZ2GeYpjEg	2
gANicZL0X9dSdYsZ0kQw	2
i9gnajDmTBMXtIulih7ATw	2
TgDWaEwr3Bwh16XgvcdFjA	4
dPtbLtgpswsoIfuUvueJ3w	4
ri0luquHzgjoE9x5jADcA	2
GHkgcOkEAYLBbVJBqV2SA	4
spA9jhm3vk85dFQAIrVw	2
K2Jpujbijajcdmh1t6CQ	2
hOffbjSyRUvanxkyp1msPg	2
JNmcoI6KLQiXB9FEEKHXA	4
byf3RTAjImLgj20CbHhgA	2
Vd3gKTknKgwD4wUgyCbXyA	4
hSQKZfn2zDBEER2hVLecw	4
t5Zw01yhcdy2C8jOOFN0g	4
GOdioVtR7Cg1MZQDZK5WA	4
hpqaQWP17NSg25tQH5DMnw	4
TeVP3xtaihgij44WKQzNQQ	4
nepzZXhFhmduArfv2zQiBA	4
PEjU830q67iNGh6EqIbujQ	4
6baVKLRLqDJLLf3boTJQ	4
Bk986doREYy0lKpOm245g	4
BMBYsk0usUXZERXQeePy0g	4
PQJk0XP4KzKjHhq4mfew	2
PvLejp1bhcSEpSXhHyGcOg	2
DUNq3b4WoJYndA5qucWsIQ	2
joY1AuUNjx0sVXa1ka13eg	4
DalVifBNIXPq07695ltg	4
xkDmJJ5Dxv9vPJnbsjhqjw	2
eofwyGnc2oQm6tZNZ8Xztw	2
ym8uE89uCLsGj5Pd0abMUQ	2
7p2UjvhWeJ7m4ABdloxQ	4
zGivPpMYdpnsQd5CfAitIw	4
4axui8GqGfFayL1PsM2GQ	2
oBZH60QVzOUQwBzXoZcFpQ	4
1uHacIfmAmxeQJPG2NOnFw	4
T21X0KrZsq2apH7r9G6qA	2
OhwS6oqCaC9LJepk0Cb5AQ	4
EgaCB24KQ1esBMf4ihgVog	4
KZ3a2F10P2slUtsBagNnQ	4
4p7Zm9NrSwTlQzIVVwpCSA	2
BLPtZKTu0LoSAavquHuzwg	2
5fXLXUqyOMZpgEDoPECMQ	4
XYF9uhAZ22nNXwZlklqtQ	2
LmsZpW4QVPDgufKObor7qg	4
xitevYmt39bFOeDfNLm0Vg	2
wsL6xjTh8VTpDH1e85pwfw	2
hO0jzxvXhEvkC5MR6c7eRA	2
MYA5nNvd0Xg290eQBtpVxQ	4
cfvIV8ZFrzFtkWYbGRruA	4
VKlb6hFHhfxMRlwrbf5tgQ	2
fBAUnOZjmoBisEGCqVxpAQ	4
rHUgriw9qQc8vUF1e9HA	2
xsbtTYQFLD7NPQSXubN5A	4
WPOWuMj96O2KWDaO85WA	2
g7JUI9pCVwJndWfP4kZmBw	2
sqv8C5n6EeRi3tTNlO1iA	4
QIcjSE003SrPvF8kZ12dw	2
fek4kWHixwoBDzEkujmANQ	2
dc82VDmn8x7Ysy95S9eA	4
KuFWYXLkrJihsFTORQUOag	2
KoBUDB8eFFb1nQBPOcSg	4
hJ6QkMogPTmlDJJAIxN9kQ	2
COdAhRRywyqMEXWVXWEKA	2
Or00rixJRVLcNWLy6SzsYw	2
xTIur3T8wnivrO6yqunBA	2
FDeSur29VGKnbYeo8HIpQ	2
JXq5cvdJWixNc1LuSRP9gQ	4
9qj47nk7fUKIKbzPR01h3Q	2
SCj7hJXRZQfsUq5Yn8yroA	2
eS0hIgz4AFBdk4XuenQT2g	2
tJDNDc26K4s0okFvbE5Tg	2
qZs3rRGfq7aCfVip1nWb0w	4
Rdbh5Djh6nd5C0GDmxHQQ	2
UDEIINpQWi22AjOy8ZaaJw	4
BUcwiCeNU8aqLLP2L31tw	2
mxHPIgDDNLYIJehxxJMyew	2
2un9IDGuSbAZHyoqUAF7tw	4
gbIBN7C7MFJOAStPitnm7A	2
pCf4PyhWiqh2tMzyLXqA	2
UMaTlk7zemZRpuK3vUqyVQ	4
LEf6qYd9yZ86DkTe3FY0w	4
Ic7AUsiris1v6KcdwWYwA	2
fUzgyVnahHaZ3NMy6rjfAQ	2
5FgCdj8VpPbjb9wvDWjTw	4
9L7WHYwkAAZMEbRPNxRtYw	2
VZtVQOLqygjSBJAIizPw	2
IyzEYXpk3IPfqwsLdhF3g	4
U9O7llVAwsO3cWit4mgFg	2
1tnZCptLtg0DkWXJR35DNw	2
v5ebOPbgTUcMEsLRlYBHsA	2
vNbSNV4TIWVDe93jYhtJg	2
R26jQ9xBU8tk9j3ysLI7g	2
1YlSr6sIoUayBBbCj2SDoA	2
EYBOwMvwfAfHuUckEdtg	2
TCpddZDN2qbzyf5xDsC3Q	2
Uu5YBYjGRbsAeshoSSg	4
r7nRiQKNyAKFAMYsrY0ADw	4
DIDjSBbpb0WbSgeY3xGjoQ	2
UdtVdMzOKY8lbNIov0mRTQ	2
si0sW5RO87DEB6h5KWD8kA	4
IQm25efswknPgrODHdqwoQ	4
CsA8EvlI3W7IwEBaZuv5dQ	2
APYzxQrRfIXoHd8fpveNxg	4
hio3LJN6rexKEvOgI62g	2
6C6urEiMlhGiq4rk9SDDg	4
cMGqiK0wdcSkJfl8wTgnw	2
hz6feLSH7Z0qjvPQOdxtxg	4
JOOmpXpWq9h0n4zc0wO2PA	4
MFhSiGPz3jhQQrM1lm1hQ	4
KhattL95KQ7FYxMoyJaQsA	2
UfNQCARuuPQGvdAGVQWKg	4
YmgNZN3PZk3ewOqUxQaRg	2
4ZZ1dxSbrxACnFKszS3aQ	4
dMYSSRYZgGOiS5sETnfA	2
dCGlYnXk1pMb97S8hNQinQ	4
LOzznyzgmD9EFsF3gG0Hdw	4
tOGn7ftqt0oI98vthzJQw	2
UQWNtjFqy8CptW2J1yyJaA	2
mHLF9ViJ3EV84I1RDXLeXQ	2
2JBzmUDytzCLwn94xbVaQ	2
ovoC6OUP63MGGPRhxClEw	2
42t141we5g4WTJqzLRFg	2
esT4SZOsJiJcRcMIhDrug	4
xZFLf03hjDirMBQpEa9mqg	2
zhhpfjBMUFR8gkRiIvE7ag	2
ecPqg2ws3GC1n6UhdVEqyw	2
zlUHTgO9XHuNb7zdMRwCw	2
p4y693KDbZ6GIg2hveDA7w	4
fX8ZN7ICSJYakJFDsx9ekw	2
ZwGs4GODFWzXAYiNPcZRw	4
X5QNlyJqgD15jSNBHBHRw	2
ycXWxarFENJMHYz0OHNg	2
HNgpNhQKfSxEuHbQYVlEJw	2
ENWONkT3IcCtrtjfxYPg	2
9ovBjUH31zDH6EOw6mqG0Q	4
2JTTCIWyvnx1O8lh6QUw	4
XloLGabi0x2K0Yi7y7jQA	4
EaWWnxe0XHbUbI66Hh94LQ	2
W6roJpiFjyxonADCMXFpVA	2
1q4qw1NCzgzPSdEAHxlMRw	4
IRpuqveQG159pn8vu0SEEg	4
2ZBIhY405zvsqbZPQM9gsQ	4
OXhSiMqx8kYHvoGrAJwcsQ	4
gKRXYv5EYHhGaZO0cZDaA	2
KIjAPd02JgaJxmCsZOOQ	2
k0BCJ1grw2KIlFd4CsSGlA	2
Q9fTZ4DkKlXUtpyZMvB45g	2
rvZglCSouxYf6h6JS2f24Q	4
ZQYnwqq8dMtIefpD3V03Q	4
KlGCaoSPf9UwwFmYGk02Q	4
d30Z7hSB2kgQo70io8dDBw	2
ScALvkE8wjq0kIQDPGk6A	2
IV7M9jvRolyvyugCJb36w	4
1ooo2wDtpfWPSb3YhJhmNA	2
KHFboETwTSYRynxw1LL4Q	4
W17gtRMP2Bz00vhqxDU3A	2
kh3RSzxRU4G2Fsv5OEZ7w	2
IOE48SEAixWcGhDcReUMQ	4
v8Mf5pX0O6iyKzj3zK8wA	2
6pBSF4ug0GyKL7cBZr7w	2
ZkywVNBCpVXvYUXFMPF8lQ	2
gVvDLKqbIVboBgrdSQBMQ	2
aVm4cJe3BJJ4mQUrnD0KYA	4
kPtoooqdFdc7eg9466udBQ	2
MTr7ULqectlbu5jcYDtmw	4
lb2zowQKQcEDVO7C0NMIpg	2
avS0VDqHB9SMdbsVIsT0A	4
TsNPBD12ZzfwCcsag4A11Q	4
nUw965qWHX5WckDfqVmH7w	2
YZPNqSmndrHFMhP1NjygA	4
KRHxOGMZLjH9ySvz3ynV1A	2
x3rNubhkM4ucsJwXrBD4YQ	2
gCjYlEhjPTsqqS1uK66cA	4
8i90xuIlYzyLCReXxbttsg	2
n3k0arGIkBBsgR3DfMggAA	2
9FO5e1zOi5Gx1cDnSVRQMA	2
0WNNe5SioUVrFF4VzmOnxw	4
SNquWohPtKtbWTnFk6njw	4
3ZTcpeDKiY3F9YUum2FXw	2
Lfh0UbbipxjREStvUPBgMQ	4
iUKzV5mGWkVXGyVggc7v4w	2
t7TevADMSymJE54OiQ	2
dfnVKBomFvCxF4x0y4tFZA	4
sZFHt6DnaHqn75UljdGVRw	2
M6JEyn1LvPd6fnIlwR7A	4
YWkBLcipXZoSqLnL7uviQ	2
VDGwJQ3yilp6rEgAeXaXw	2
pLwGzoSawQob8A62EPcwzA	2
EccoLkNtsxzdQh10KGag	4
TdMOKi0wjAbqKhulWuYlNA	4
fGwtOkk0wEk4HYlPttF6g	4
LR2Z1wxqGgukCvvc3Vjjg	4
s4NqarEV1Cz1GF9ejbf2RQ	4
0r13h6Wf38rJMu6ZcM8LTA	2
E6cRECYxIqBMnQYgAosZA	2
BJci9JuSPYXpvMhJDsFXkw	4
WborPkaniIrcK8p0LrXlQ	2
cneR6mjo3iSc4dKFq4rQ9g	2
qpf17Jr7LQOhqvhEB3wGg	2
kaQUVBzEZJjvcoNEDFmg	2
ICdgfvaw8XiyCBD1DdoFSw	4
wGdGPDD0FsPHVscGuvvBZw	4
u232iHXPaAP9dk005wHA	2
uFBVTEcQs5cqcZp4fpVeqg	4
3K6Djy6in4TJ6ULQE8mSqg	2
jdr51F3Nyv9iG8PY6erVw	2
P8eGivTAuIAX40Z3B6xWqQ	2
hKOubFkA2UcDCvxUlDe26w	4
noW4kJrHdZs92zNk6UqsLw	4
kCnSujtXFCQ5hwWRt151iw	4
JAJPZPBx4WbEbug7YMRVRQ	4
twsfvkCdB5ELsu2gHfvQyQ	2
W0ETIotiBgPua1FeV3YYmA	2
HGD2xeMGGnNArlxYgGXLg	2
JcOHxzBSKbm7EIhDAl8xA	2
GOc4VMAfNZ2bM6dd6Yig	4
7CvxuczeB1gejJwHQBFVVg	2
5F6QX5bEDJ3AxaVaQOPx9Q	4
IbbFwLaCk28TfpSUAXuGzg	2
lljzc5XXVF5TkIpHbqQAA	2
nmRbFHrAPpqp2C8LOTkBMw	4
P1WBJNbgZbSFFId7J2mA	4
6xKIymQMAktqxyZXhE4kqA	4
xFk8TODUdIAMx8ODWhQ	4
NEkqFWEHiqhsvLJayvmacg	4
pRru5Cn2YYnY864tu7BnQ	2
L0o4vmUZuUDIWgviQUHag	2
hU7bvFJ00MUVQrgqyCfeLA	4
Vil0bkeJaGS1vdnygy8wMQ	2
De1m82chFBb6MNJVEgheg	4
eS6oxxChY3Mpi4WSnOwA8Q	2
19gakomcM56fmaN1UtB3A	2
Ls9j5kw4jmO5kdId6eorwA	2
yeH8zfoNN1C4jJIBEOv37Q	4
3OymAJEd6IpxHBdARERWsQ	4
LKGEJqYAtAO0c5IL2uCWqQ	4
ZuiHzbX9jxrlNROPdIJiA	2
wF7n3EDFzwyZpT0KrXrBaA	2
S8ZD6DiIzhESTf7lSHQiwg	4
fwBEcoN5RCJlAIqoQPLGg	4
0alzOt9fo0NEkNOc3spVbA	2
eSH0uEwPMHCWgXNE8I2g	2
FQCRtVd94yMp14hUYd4MVQ	2
WlJxgZgRW8CgAi0BaiQ	2
7PXOeUV1O5Uv4vm8BclJeg	2
5VKXXzhMpX0MwSRUrOA	4
ODsVkXhjoEG4qSftmhcxg	2
leooMKKLnJxqx5BIhTySlg	2
ll7yAqygBbcVVh38n0VNyA	4
K5gqqHqC6NjcCIpbY6JNqg	4
3hTbcZIM8NU6D3ZgJLiELg	2
nV5hNOrnO6yZhUbuVDKSjA	4
GtCCEWOTheI5XwlSSY6S8A	4
UpqQIRxnN7GbRh9XmK6BXg	4
mrRDCaHrHjRCX9inBH9AhQ	4
tsoI21OnZdKv0XVJ6YadtQ	4
RTtqT5LJVAX1EIPkPoCPQ	4
Fwxc7SzJ9yA7IxHYfVrIdQ	2
A1FrBWAJqFiUkDzMXICf3w	4
ngWg9DvhJkouMw4cbvMQ	4
O9ur5I9G86d9xu1zVK9uZw	4
HPbHhaTyCCWEY6HBWyGeRg	4
fvSWtInUCnwazxOWuJYCig	2
jbh3xRO9n1guvQtwTnGdvw	4
qvwmGp9S8yeUJVll6iYeFA	4
Y5HE9Dp3GvuMrYsx632Dqw	2
ZaJchjA20nVZiYd38GzV6A	4
l0zS5tJdC33p9cbIxF5WQ	4
DICvK63eXlRqlRu3jPg	2
xZLGFlB2FGhpB1kcpdOaA	2
qluA9RiZ7xBZMePPsgwRA	2
yYkSLiO6Nxtx4H2Xj2LRg	2
XOMt0fTGgLIUWqnTWnlRA	4
lOgKVNpGxO65S19fLeg5aA	2
QvJKyHnLVCRqYkSgwjDg	4
wHlkwL89aUh18w0rBnggA	4
P7qfgZSld3jJQuQdtGhBg	4
tem6wysSG44VaHzv572vw	2
wKl8HFFGqURVCYi7G2fyg	2
wdOioUbtgiVlrwSWc1jw5Q	2
32n2G3mUgA5Gz2cGA8Hmiw	4
uGlqYs2x4UX7tDeKuo5iDg	2
VSI9wXn8fTddulEeCri8Q	2
Gohb5fDHpn3T7MwmkQ2oQw	4
gXjN7G0bOqXbJLRpMiIXQ	4
8UV5eGcnzPvJTYM9b4cMaw	4
fqsG6Yp9maePqeBtRoGtZA	2
FihpOWIzsUc9yD1PkvUsxw	4
P6bwk8zrbnXckSaO4OgA	2
YI5lX8fGTEPXHtKqGXcy0Q	4
FT9FSl4WH4wb8XMj9Mtbrw	4
8aG4DQARAq5cU1yoRUHJ5A	4
Od3gR8RRZlETmIEqverbNg	2
yHFNUljefiEWEC6eqfieQ	4
2Gb6HmuUAgweghd3JiCLLQ	2
vFpIsfmfFHr9RzzkMyuXww	2
oH9O1faDSltKD4lCbuUQtg	2
2DVb6AO8bRrjhbwOhnAUw	2
U3SwdVzdmq8bJTv4nQ8zA	4
YqpclG5uUAGGP7TllDYeKw	4
0oHhuG8gpByr2rlaM4D9w	4
t9XIEmYpdntwK3ZIE1DwwQ	4
V7UTU1GvsHUsWFzfnMh3mg	2
7HKsfr0kLfhWFyeNNLQ	4
lJjUJtPpGD0BI30Sh2Ulw	4
cKBDydIaXUaKdVDE6HE0Q	2
bbD4EhDbYJmuU0JLy8oAQ	2
yhgtCxdtQRx6di5AYrkBfw	4
MDXsbWtxeLflEQ8r91O6Q	2
RBPjfZEF0pOEfGjFvxrcHg	4
uHfyzoyBL6GpcUzP77ifA	4
8HbyNpCltgCpQokYAcnZDw	4
JKSiPoonlug1JBzj1zSnLQ	4
GjIWEm7oW1Emwq9X3LZzuA	2
5sFwIG2Mo5xLA3XWvDrP4g	4
gRl7fVHr8LsuGFUOlFUig	4
75rQ6RJuxgLa9EkD8SpCw	4
b053E08KyMMYoVEYLzAqcQ	2
m3gWIdwrJQHfh8RClibLA	2
NZbAEDtfozxrfzPBrhfdA	4
63xWOKKOhGd4gLlI1QAw	4
K9FjQMVSpb0fzSfTnrwZw	4
RADksYV2BkUQKjSnzjLqgQ	2
WLLhcYiFW3zInJ9va39yQ	2
yb52b2hDBSRRkJ2oepKKA	4
mqy2EOHlMqSDmpVR3W07BQ	4
9DzOmhDKywUtnLvmOJbgbg	2
GRhoTWhlpbFDzyUAHSuVw	4
hJrpxY2dNtVBgY1zYRKmRw	4
CZ4dbGg1rLMgoM6mwrfiyg	2
Vqz6knEZVOHT4FYQgyElQ	2
DYNV4U1rsANXVmUwOjo4eg	2
e0lZwXuiyDNej5SOLAdA	2
O1pk6lxrTI0zJrdQuXhIEQ	2
fity42JPqtZ3k80EAdFQ	4
CAU28Ak8LulQjNUQib9odg	4
HmeFcVx8gWFqJOq0ejBAw	2
OWELiBF1nNltovsLawdG1g	2
iSMhcqJjQfds3DYIOMcrQ	4
8cA9uDcjh9eict7bb479GQ	4
ZSIJCBuEiqCouEYF3agQ	4
bfotXJWatEkHOYybzhZdag	4
6zUOeo1yWVPMbdN4uSDtfw	4
Qf4DO6TkaP5ZMjzGj8n4w	4
JBb5MR1odvGF967bcMm8LQ	4
c5gglfEfL8anMqyuEK9btw	2
9ssedwj8uDWhMn5Qj5MAqA	4
uhl1h2JWfhuklGVakYTA	4
jmpmB4uk4xUWBbZR70lIQ	2
tSiBAiFXTTuhRaXiOK1Ktg	4
hADocWwq10R3OwxxYoBdHQ	4
VPx0sPHhZqlmWTYewGBWw	4
1PVCbS61Xd6zcdxSXMcYw	2
Y8GK7iJU0zTGpBa2hjmw	4
HMyr7zpKeXVmYR4tpdn5lg	2
pshhVbhOWcUUoGUBh6U9Q	4
dIgQFjjH4Yi3pkgRs6Eig	4
WPJWxfQzR2tXsIzKwTpg	4
TVpMyQGHL2aT2gaXGyrNNw	4
J5CAOQFAo2D1Cey8YwFOw	4
0QhqFMlkihlZCMPLqEJgg	4
Mt0nGq9HNitEUkOU4ebWTQ	2
KjoYkPAvmSU1gsK1xwQdQw	4
wVgNnqUqOND6sfZgyq9SA	4
Nj204PCJVcUyKMhNBY05qQ	4
v52JLvMIchKZoiUShjhQQ	4
p9BHxAOk6pRdPjLU1ASfw	4
YlgDjSw8sFoJ8eahE82LTw	2
Dnt9rtiKGxDL7Ikrm66IWw	4
NAeWYp8QnYDR4OptzJZr6A	4
BXJ0CKgyBEgd7EsWUmmbw	2
2g3MhVCkA2IcgQZOFs6OQ	4
vH7aMDYxrFQ4iy59QAhNyQ	4
vQhX4ziavOuv4WParPJozw	2
V5vHvJKjRoqFXSdvxAFjZw	4
KwdjQrXAxhm2UAucRIc42w	4
H7LVuQ7Tm2zzG8Q0a370fw	2
zLIMHrPhgmt5FS2vPaNCKA	2
MvzWDe1BtM3KeFvmsCsow	2
RXLS0pOciX8nOONV9eoGew	2
5npDkUs3qCRd350MxELfbQ	4
vPuIFbu4U0pMn02vKAkew	2
B8pmNy3pUAeJWg0rEtf9dQ	4
21gI4DZzfwIrpI3yo2Tjw	2
ZFeM2oGZg6Eez4Vvt2Q	4
7hvqxBUo009MXtcBnE4AA	4
9YsiHGIs55Ztn72iysvpQ	4
ljDzKkGuN54d0nubhTWJQ	4
kxNf54gZAYu0RTxD1WQ	2
nyu0bdcv7gC90NaxDyK1uw	2
A3ZxcfyHWH4eWTGjvpte6A	2
PVpAhQA7Y18jKpd6gCS9Q	4
bQAtM1LIG1ApEvunf6bacg	4
xWNSji2gTw22MVosse3MXw	2
b67deEAgmsJ4TlBK8KSywA	2
JUcwmuWql2AUg0BlGUHvxg	2
fHM2U4rn3fJiTaEk8M5ztw	2
mvqlE3PnzCa2Cm4aQyOQ	4
fGs0gP46ImEnqM8HKzlbQ	4
uGHwteOUfmdEuY2RMGo9jQ	4
ijMup4Gn5vJiIvUjZHX8A	2
i8IeuxUOmF1a22G9QZAOJw	2
dmnPoHHkpc9Cv0HvZ9S8Jg	4
MfCShKt7hjW9MN6Ci3mIOQ	4
7tqxfeCOP2KeVTTdAElpkA	2
0Hgx9mjnwVA47yy6v0fsNA	4
fM96XSh3rGZpfPNbIvFk9A	2
b4JWa9cqqNf8LXf7t1P1dQ	2
HY7fTS6ob7EJyJUYfctbw	4
OuxQpJNXMDMyrtLFWBruQ	2
nyh4Fl9KadrI1C5gNSLykg	2
fp5X0PqHHRpdUJHgIkIsQg	2
4TqKKAbPYDuHkdLpWDnXEw	4
XL8liJjmqmxPmW5fh6A6w	4
AoYq9zJMCMSYr6GZC5T6A	4
K5J2czC9ZisVGsfGaESTA	2
cJ3aL7YouKrbBl4A9DlQg	2
aC3wDthbSmbVXWrzKM6Q	2
SWMDsUoIFLTC3tnAMSU2w	2
NphZ53VGehREbpCkh916g	2
E7NY1DuCAmXtrUJ01z3ofA	2
FoBc2qlf4GyG8Zesa5XyzQ	4
aDgzu2IeW9ELGTTDxTbwQ	4
ckcQj7wrvct8dqFVUXWtxQ	2
4LpFhpJsxj9Ev1ufOHmOw	4
oVljFvSdGw0lS12k2itA	4
LKAAxRm5DA1ckdu1DHILOw	4
PLVE6pIPJXYVok4AHynWUw	4
W33ui06ukb6hGAHalqfP7w	2
NQdidsiLBIUxPEZnqc0yw	2
WGNB7Z9jqAV5is4uqeuNfw	2
uQAUFBE7qtRYHMQHHtw	2
kMQBWYoKugBQUuLY48LUA	4
EigqxNZz4zH0O6Z2H9Zmew	4
PGAIBsky6a26hgHZfjhQw	2
kJpoQkVJ2yUpePr6dmtGA	2
x8zqLoIcTghUfpkGVIZDwA	2
aDYXpLXzMCMusveOWAg	4
9xCtDGja6saSmglq5d1gg	4
ReNWsHvJB8orSo3PBS1YJw	4
qux8m1aNieq2LsIdjlgEA	4
s8Xn3NRAysWF4IVUZ9WA	4
gISuHDCUJ4GAuiFJT3ZQ	2
1Voi9uOgdggbvFye49Rw	2
oHBooZgCz2hYo4H8wcJ2Gg	2
f5E7zI84TDGPLc0xPFgULQ	2
etUgMkh0Ch3oEMQiGQapEQ	2
m86tVLWkyawvoDfAolzqkA	4
ulzbKo8AoAuQ2ozUiDDFw	2
XHHoUr0lNrW0jGenLTDBg	4
rPUR9Y0WRNo8Y5xEfUCMfg	2
VkewpnFfuTWjfJZqqCtSw	2
txbdTTfOMpt61KTGnqg	4
3VAiYwo9PU57UfaBpBYwg	4
xZzrPE9vuquBd9wVsBj1uw	2
2rMlWsWU4ZdC5MluvpvcfQ	4
g6RToaqt2k1c1QjYUYLcwg	4
gsCxHEyGeNfaxmlyrIrEA	4
Vff6IHQXTuZ2eq20ML1svA	2
dsKtRH64g5a7obGvAee0A	2
kAOUcWWXIJ4VmnNSsDITjA	2
VZCLnQ4O1wBzgDiIc4Cg	2
XH2a79CtYonGv6fiEgnkA	2
mKQ7zsrqL7JGdXgf9t4A	4
ZyTN56KKwJulKEuCI9GR4w	2
cjZSTIReVVkvaw29i2gAbQ	2
kJJWhOMF2dkdsbkP2TwBg	4
9aYMKRWn7CCKWZzFLySPQ	4
umHFjmqbnpKjl4heUQ6PKQ	2
xwsPVLTLaAmy957NyaVeQ	4
ONHMvRGIxgsQNxvmbcl37A	2
u6sNEOA7ryGOyvLnNleNHQ	2
O1RBGcXzldz0IiVjsFjY1A	4
cbmGzQxzh0OpV5Iqde4Rg	4
iw5jFHgmNw75JqtB6QqfLA	2
gUssAwT6xR3qPg2jMt6d5A	2
wIty8qbOjRCUlYUnzTOg	2
GoCk7lmbqeQNiKFOCCcO0A	2
JQzw28dtRYgNv72kjqU37w	2
xSgUAuYr8scNchWDEcJmjQ	4
cng5ONz6RE7ixx3O2Rti5Q	2
l0VCHz6fuXQxXBdhvFLXA	4
TDaV8BXvfG5S8y7POODw	2
jviec17dFs7OpEX2sQ	4
57btAlOJ5h4PibmnUSC6g	2
kikLDjQNmao7yO7lwqWQ	2
QuK2MsXzbszq2T0co2E6vw	2
2zL3UUCu4EQeLizz0Ju5tA	4
MbRDNiKEePFUS2ANmq7g	4
85hfUlHnSgoQriY97ZeJg	2
Y3JaBcAuVJEgpvm7evUrBg	4
w6e2gqmOxPAwUffamTaanw	2
QaYkElr6fCzb98W586A	4
WuSNFYRoIiN6xf6Y0ZCKtA	2
CFHBdjYdb5miTZLwOq6XqQ	2
YaU5rAxTjVr36CgK4lyA	2
UDWZgaHyuHGBpVUQBPxrQ	2
kbwVza9E9ORnZAP1JtZBA	2
43pjlMPiZHXlEbnEcEiSoA	4
vpcq36f633k4C3MmU7G1g	4
EI61e4WItXIVl4ayV8Rg	4
evsvnAW6f3RH4NJ5ZMZLw	2
GycC6YaUM81O9pkG3vXBlQ	4
3ap381KzfrWgR9Z4oUQzAA	4
dNuUCK9Kxlihfdt0o2PWw	2
W8DiWnZWLXDSnGT3rlCSOA	4
Hws1OqgrybjyJUS5i9sIEw	4
XkOGgTboIhdMCap8RUIVA	2
mDTtqiyGA2e3y85mgAuNKw	2
ZvGODYE1Q6LD8Ho7EVqLQ	2
uHXDmjGIcy59HU6ZKZPkA	4
heWrV5Kg7MoxAUqtVhtWA	4
MHQRbq8Dlf4W8KVRxzwQgA	2
ekhL1WjfCIg5Fq5fRzvafQ	2
Qgpk4xwLYovuHCDRKMe5A	4
fGQLS2dNqkidAO5Uq5MWg	4
CQIvkgmhHToNMPIaHrg	2
7ZqVMyoRBc5Hxyy9mJOJmA	2
Bmxp7A5asCahrVfXL7gAA	4
fJjoXU5ztUrcrWp5Vjksg	4
Vf03QxKTUlbKUuIMseSsw	4
ftYQ887EeQNAfUHjsvndzg	4
7Bcvu5GKiD2zV5ZfzebJw	2
vbQJnPhITKMCUUGkm9zoGA	2
uobmrFU5dCfD4EAKwUMgyw	2
1YkIKV9Y792qdNC6qfGuZw	2
e2EOIeyo4xbthpUNqmDcg	4
MSyozGxmn2DM0dVqMylQ	2
zpKYvuHNDqvOfzPVL7m7Q	4
97n9rhRGarCU7d2D6Ip8g	2
zSIPAzuXY95X3l6QrE7dg	4
ybbwKnDWvVXlATM2Jgc9g	2
zTByqX2YHhVT9ezUMZiQ	4
JaDwynS5dOrR4KDw6InBkA	4
o5F3MIc2r1WE02Pt65w	4
Rn0VfugFuD4gVIQ1A0Saw	4
zzdD9lx5OwZ97M7IuEA	4
8Fv4zFCt7K8qgpC964MOg	2
4U77lEdPW1IWKbdKnVSFUA	2
9Bth4XFCCyYiyJ57xQ60Q	2
6AaNMGAWqCoLXOs0NFtag	4
cBF0Fro2R5z4jItIUAwGjA	2
hsEplmtMO3lcviT8LoXLw	4
n95Dc8k0dOlHG6ugy4bRw	2
0TZKEsvKAZM1g3FKVBXiiQ	2
DvPeXlf1ibyIC2Q5HQWzWA	2
9qYgkbSljmJiFDu7Vt0xBg	2
AcYT9Ed64v38g9Lh5KF7w	4
N0sf27t5CNuezWhgTDlaw	2
C5vqfndHZdjDeJQk5Dq1Q	2
Ms6cRAOT11ZIv23LpKrSw	4
iwz4KvVpakHI7n1Bc9B3Sw	2
2JOjrk1Ul8enOi8Y9tsWA	4
y0dAjWCp6egN2XdAurN9A	2
zjb62Ndtm5VZM1TviKQkQ	2
0IHLIDp9bR6e0XsIltfTsA	4
nnqRlROC41nlAXEUTwXRJw	2
durcPC8Qe1v6R5Lf0BvC3w	2
uXuYtR8e14poihG0jCVPA	2
c3HhqeQ5v8uv6avDYsrAZA	2
VCXbxQBQaxCWP859QI3NoQ	4
nC70zEE7AlysdQMWW29N9A	4
syWq6Pwzn9XrlAXM8EC98Q	2
TZJlWONlrYYdkYwvh66eQA	4
WaOfVIrf75jbStrMwpFYrA	4
EkpdbddUlTq5BePiMew	4
LVmKiDoQ8deQdcOJDaTPfw	4
QzumwtcVfTBkzgKzB7DBA	4
kCo4PcoZXfk48lKFgzNptA	2
YITEJ2mlV4uVLC8ixlznBw	4
GXXc0RLsUuic9kjKelLx8Q	4
sEKB0JSIkXlSZ1aQ2G5aA	4
Demv8iEosHOsIfoOqq802g	2
7qOonQxM9li1WbSc1HZrg	4
zVYeB5FJApyL6UiftheHYQ	4
doKC0EK814O8zR6a7F9qcQ	2
AvsmxscfInVNB6XZVo4Pw	4
Txe8iRNL3dV8uUpz9vFfRQ	4
gtGZmKN3qQgkL9tSWMqlrw	2
rwz9zsrNb2P8Ci39EG1rw	4
MWHCYosUzLCcwe8FgVlKQ	2
ldat9M8k4FYtQx0IFrhQtw	2
ZekMlKVHpCy3Jf3fVH6Rsw	2
tYjT10bcTbSwbZFogsKg	4
Cmxyt0iLPMLCFFLzdaYg	2
PcYqALY0ZxfCcnV1uNdkAQ	2
GbTml5rSth6KisSwDUmfqw	2
U4RfpIDH4LQzr0x1zLRIA	4
O0DOBEoWk8KawkEtXvVeWw	4
CjgV1rIPniSfgdo46eA	2
bhlbKlxBCpIYqwpGTrXIvQ	2
ordA0KOEEDiLqiIzUHQeng	2
mOBOH8YGl5NKPguAdF4dQ	2
J3c36kUnLBEvlTAnxQmNQ	4
tWdjIPfIKk9Y5pxN0QNthw	4
pMzs2IKoZvaUxrDENdS3Q	2
Q9dAwtNagnHl7sqDlEkxA	2
hjr8FDHuRIgKswYVAww	2
RTGeAC5w7V04ZDsRaHK20A	4
PGJuDw24B7NjA4c54c1YYw	4
RhrjphRdhTZBkFUwebEog	2
OqDN49Haxjxt6mw8r3NnyQ	4
qqesha7MuTTEcy5eMWSDQ	4
Z9L3nf0S7hskmh8SldZIQ	4
fDIHbqb1ODYvOeZpxQfq2A	4
aHv2gBkpke4B5VrOpIhUFQ	2
YT8vwgmqZTJpHkfLywggQ	4
XjjidKNm4VRyD0dbLq1hMw	2
NNWWhjrBGiXis18hobmEgQ	2
ZVIrjg8hYVriyiitTYPQg	2
nJW85ePs7FGrBwNP0sTCw	4
f7lwjAAsKQ9aTHbiN1ntA	4
0hubUsQoCWbSAHIw8i2YgQ	2
FH8VzByBBxKERHZDqLjMpQ	2
aXtB95GhLlhm0geE2IwQg	2
TPosPf5xz3EYUkDnToKBKg	2
2ruqkIj2L6MKTaPaA9uTg	4
qtMafZQqFkXHhEbByizmw	2
SUJayr8vNedOXFLRhbT8A	4
Y3jzhyxfAGpPufSLJeQ	2
BlKsmR8lxVsRpFDGM3GMaA	4
AA6QQUFGWWkZlbpat46OfQ	4
KRJpCxopJaWrvEYl1eQA	2
IAWwthMqh0Kv9SdZuW7wSw	2
rKNFXVT8RCZVEOxGeCwg	4
ZVksON8Ar2MDF48cEpirXg	4
3QFWQRujazEALAFsOjDsw	4
8AM7efE2PsGt7D9dCcQKA	2
tKhq4hAaQDYv7jJ7uuFaQ	4
GRiFU6Fd0y91W8HW1qw0g	4
LvFkYOzbqVIDg5kXThB2Yg	2
X7rnhQziswCzon6UM7n0ew	4
Khlg3J6KJ4pRKwpNWxFXzQ	4
rADYpRLhGJVKyfbMEaegQ	4
gdBRv2emZqJDy2QyQZTWw	2
v258CiJOd8gtIycXIjpIsg	2
Y3QjzCbG6AMyleOnqxBBoA	2
RCHSPjx3iHUUpmvrh9e1g	2
aP9kG6CS8gOUA1i0EQcaQ	2
FuAJKRw0s3oHkkf9FmPClA	2
8txNn2dh489FCE0rbfyfhw	4
rBj3j7UkXOWBt3c4jkHjfQ	2
y6q8dNptKB7zKIMoOdKwRQ	2
QzNwiSvEqQwWsitGmiGXOw	2
8oC1OqvoaB2pSdTdVmPHw	2
0O16u1L2RsIxJMGu9U4w	4
dD3jW89M3Lsslf5wYWmEA	4
vtjefAEO5Me29l119oPA	2
RII81DGf85zVkd88YE6Uw	2
7BsKq9SgVL21oayWwJ1kiQ	4
NifG0Wak4rc00BHj22nuXQ	4
PH5H7rYFkwclBXusH0Pmw	4
mNYeIxtRqYTwEwJjW00d6Q	4
c1I69y1P1fPqh336Moezw	2
ci8ulMiodtJPRZUjrcr7WQ	2
080M70XVWNJWIXbxBSKgqw	2
MlCLtAT70rLBkYN0hNPXdQ	4
yhDImzaIJANgKxjdSHaJtg	2
s76O7meM8FYTVo5e2oeSQ	2
wHGBAIqWcZWuTXeS3Rs7WA	2
ucJRgDojr9YCuMSVVv4wcQ	2
WWBGEqinMuMFDFaxfsnWw	2
tssF7eEFHHKdvj7XN76RQ	4
D81cxtbVDILJIEXS8DYLGg	2
eJywzQ3q7aBosD495s1w	2
wudRbr1KT3y5hytCXM482w	2
9sSEcsGpcPmGejYCDXIQ	2
yQUYg5k4uCTYfA6r7GHtg	4
QtficVszxW2fD70N03gnQ	4
eQVy9ieohRrIVUbGVI7NOw	2
neRay46mV3VTNVnBK20eXQ	2
AYCBZoYzAD2J55mcwXtwfQ	4
9y6v5Reoy031y5STvQSB8g	4
YX0CXFF58CAhkTPu6A5OsQ	4
GJxfXDUfDhe0JzYI3b20A	4
Nwsil7cgcarvXrqrz3Q	2
O0zwe3SDWY0hUVVbevKXTw	4
k96sz0GcSGcfmgVruiw	4
o6rc6s4gE4DAhWrvNISiA	2
0vxPxjH9VFolkqEBT1312w	4
0IcB2UuWRXV4vxeHLkZ9w	2
KHtqHI7tCFhPBRyyAWVkFw	4
AscxEVhGe2QDGwM5LOds0w	2
iuao8VvMVPyHPLtxaUvjNA	4
WTlvAM3R9T2D0ZLQmBOA	4
tqEFhK5bCF82BYSpoXWnUA	4
oeV0GO2Gka9mGATd7G7Xw	4
noMpCOw6RnYuzzlQzB1eg	2
YKU17bzP4BP0uPhuyyA8A	4
5J8Fsg7PvUIW10gY2JlFpA	4
U08Mu4AIsE29BF32XG5PA	4
LBFx80EUxVjzcEUgUQQPA	2
Sx0ap9eeJ854EUS1MOKaWg	4
IdzUk0D45JthhY69LVSFw	4
jyqDFDJv2wMBBJZkMOG8vg	2
O0Zxa1yb1rUfhhkBGdhIPA	2
z3cDv66KajPtVJLAofPksQ	4
LOlBfuYu3pJCculzN7OKAA	4
0gkkbyFmqUGU7yrpp8rTRg	2
oVs6iRCHoVw3mwqVfdU8A	4
kPLNpf0NeloTd7gBKqlVyg	2
I6PtdUvbElGAgPABKanug	4
BBiqkkHpYsgyJAa4z4oW2Q	4
lCLf1zgIcct5GfQgRxKvfA	2
NahP4Un146gRcpfDhfZg	2
VInbwqP7xBiP52YJ5soyHw	2
XUVduXLNKK5FOgoRWgw4w	4
btW0uLVwyMuRG1ndxAWA	4
R9E8fgMgSKeRSCE2vlkGA	4
s1ccHV0eR1WZ49mqW9fWcw	4
QmOosbXEWRZZ7pSLnFPQ	4
NDkZMfMh5qnosy61SfVKBA	4
cBCgfz7PGY5M826DZ6M8A	4
my3a8VzltyI6R8ZWGJAdQ	2
v6hI7YOSIjI0HJ15fC15oA	4
Qiaiql6sy4kdxZOtYvHrLQ	2
UTIBNJW6tEblYwxB5i25oA	2
HmKWMD4MKwlrRQOJvZwr3A	4
znQBjk4N2pB6C5cso8tqQ	2
hizKh8hmYyYFqjCNiBh1Hg	2
6sfLWeX7PWd8XWROJJlkQ	2
R20zhsUJG9RPBWOFE9hvw	2
kiTUWQExinFmF5eVf0L31A	2
mwWD5kwPdtsWSXuJvAaoEw	2
3CwqVpDfgZcH3qtyNh16EA	4
G1qOqd1CvhOVrB60vXOXvg	4
Ps559xQaEilNCMShbYjUw	2
h7t2l3tSl1XGaUtPIuhQ	2
wwZIldqiAK8tcI1IYxmfg	2
bbzTRQIN90q5E8B9o8ADA	2
ULc7b3UBOhUuT8311XFA	2
wpjcfVelLqKUoR7CM81Bg	2
Yy26IAloRb9DypMO3QJzwQ	4
N5wz6U62bpTvCOdRHA3gQ	4
dB3toid1VkWWpsrDhDj6w	2
zkheU1ghtPsVGj2hFPJ9Ow	2
ZRQypTm8Wtw9HmIWvEXmg	2
dqqSUfdHtuXrWJJYcRPcQg	2
mfUjt60mdbQZ4CDIBQAEaQ	2
qusBKIYU4yCt06JjqDRl4Q	4
lXlX74eONDpfMWpVWZJOaA	4
CPyre4QpkpJtunsCoJHgZA	2
crEHe9BRwpu5j3H57vdgg	4
QyxUsGQbHXSaCiG6Kcx49g	4
fOx0TejXQ257krFzm6eLtw	4
antCbXNnnsE9rqeU7wg	4
vph3sreoJKr1MBlQRfoLg	4
0tlIr7tPP5INU0ZRy0YDg	2
oxT9go6spI1kwM94lTBQ	4
zQhkylzuRiirJfh9iPkXzQ	2
ffSZKwvGuW3hkuGQ98HejA	2
6YHncA6s58oVohFOqlldg	2
AQ32iXhGOrPDpgivlDCqw	4
7ARDgwkF76v2C7AFRW3kw	2
8AqevjoO3KGkAY6fmv26w	2
7AeGb5Lp7nCrhOmXqUJ19Q	2
grYzYYOtNL9VIXSyRNtM4Q	2
L2AUxUHoCuHhosiJs3imA	2
4RzkBVTqk6RWD7Pdy3Ycw	4
awkSA5pFiUxxUX7HHkj3A	2
Ks5i2b1mYkJi6pH2g9aKQ	4
Ef7ELMtvQiDU1xN4Bowg	2
ZR9bcmYV8BKwfUXQikD7sA	4
VfpEf998pLoxYdmHyrEeFA	4
HGKQwSzshQCBBLticgyqmw	2
AIhYDORYfQCaCcKfVoAwmg	4
DKtaZ07Ek1JOD4iDmBruA	4
C0Evl0slhaJJEk0jP68ZfA	2
9H3iBb4ARrQme6nC5qf5xg	4
n0RWaSsxcdE5NM6dUbBw7A	2
LbIHJUSoNbaNSYx6R3QVPA	4
EoZb6L0zdx1aGZmv1cAcw	2
n6zNQsMmjZHBc9IQagJjjg	2
HX7ZVZqUzGk3iMXdmQvsQ	4
KJQdqVqWX1hzoJtWPz18Hw	2
WYQDVp08NxhmNPFznicVrg	4
UQTILKe9oddz83JHFBCwow	2
yGZRMDGbyqxsrnYE8U9Zw	4
sJcmJEEIq859DTjD2ccA	2
KKI5N0izxjPujENoDcV1g	4
uYBCp7f5JRH1ahznEyHQ	2
YuTs4R2ELvSU9fvGk1f7WA	2
LMeXIwXhr0MhU6d5c4dzaw	4
7TcpjRe4Vp3UHkEx6tMKg	2
03C4IuYDOQDyOosDeG38hQ	2
GauM9lRBaPjmOupPnMSEBA	2
9ms4gBxJl4mfGo9hhJO2Zg	4
Wuei9UkMJbbsyMaCDhfXgQ	2
Ds5raNLSOVkcIEgCDnhw	2
pwyRjVBm9rNV3Z9ggqfg	4
YEVU6WkFTjmMbkxqBoFUCw	4
z0cAv66KDBvDA1CRtKWWIQ	4
kQbr9vB31fuFm39ndrMEg	2
ix1JQzqoHddObrfcYF3g	2
YRlaKahteWkpILNglJ7RNQ	2
CozFvCwbVIojjTOOp4yrA	4
JEVeZqsVl3Le1PIpgENsdw	4
4TaK2l6vVUcQhKWiop3vYw	2
xN1nhXjafmj8tWUc8IvpHA	2
ahE9JxOnpTE4pWkm0ytl2w	2
LkxM28VGfM5Fn5nLycvcHQ	2
4FJKvJAQVMgtUhNo0mzSYQ	2
hJ2bNiVK9BA16N72CGVHA	2
wgBaBMXpYcEL7PvM7CB3Q	4
A0hFhhS25BL1JSCLxed3w	4
1zklxhbJoKnE0uXrVxw	4
WqwOIr4YN4xMNUDyEXefA	2
422ZJVqK0tpTsQJqh5lA	4
4YcCL9yoASgaCyZ63oA	4
VeazC4WhmCtjRCxnK8LiMw	2
aHh1ilcak3TQzXg5PSwg	4
J4ERmNBDhs1Qb4H9oGY9w	4
9zty8zx3HiLbOJaEQtpw	2
AqrpckUnDI3Iw5qe7W1KA	4
Iyql3fCjr8hgwg8XANBjA	2
cOqBGEuqaq8ZUSMoHULg	4
tvOiSInxhHQjnDNwScOqQ	2
5n7634cx3rkwz3FNMbkd9Q	2
eWqxs0CSljsygFMLNI7B1w	2
ETrJ9xs3zC7qtppDNQYdg	4
xuEemRtno8lPfGru8RsdA	4
Q8OnWpXCj6iheZPFHBEbw	4
muObFn48fbuxbZvBJfQ	2
xzD0wZpbwMnxiylgxyu3Q	2
rcgM6DPxzUIrb3BywVIrg	2
HyqmTbfOgrcLlrn0HA3Pw	4
hAL9SyuYqYfDoJYccUcKA	4
1uh92cf3DDu5JThaJuPVg	2
hoCKsxobb9Mm9aGdTP3w	2
dyhswRHM56yJ42OmZMbLA	2
QelcWrwiPx4TwHUEsFphsw	2
qhaMgU92KcDcGgjpcNFQBg	4
ALdWAnB2YCUYSaKlhL6tA	4
f2m74tEShNFoaRxjegIE2A	4
yTYSU4iL0gv0jqYZnJft5Q	2
gMCIAMPFTfya8tsaG0INQ	2
P7NfvGilu7crFMppmKWGQ	4
z6Cz7NO7WHiSXCTYaK1Zpg	4
PsA98kmRdHo47vrjp9AvyQ	2
se7c01TxGJ66UL27PPjQ	4
l7GVP8ZxGoxy15J2VhvICA	2
34KyTJFpVYYViBSK4Gzog	2
hnbwDvBvx0P06HU2whY2kg	2
T2T3WRThUglgtzP7r3PCKA	2
KzaXtcNV8q6eQDv3AuMoUg	2
zWMSR2FAzz2SHsy1A3eig	4
OzDItcuGJWtB7NlZIkIK2Q	2
wga0wiUAVbvMmLg1W1Scww	2
qKLDWWhr8lNJsXRN5XdAJg	4
QXJL9XoTGl8PQlYICkL0Q	4
qpHo45xO7YByzO5Cv67ruA	4
pFFPizG0ufttpsffbdD97g	2
qd25ig2dW0cwpMi8ob6g	4
W9F6dpWfMIa6x11GJQsIw	2
AopFiiAm8qUw2PUhdzqOiQ	4
0gHyDKxF6dgjPevvVey1A	4
WZeOpKjCEdQKeSWezgEDJg	4
csSSJh8hTSsx5K62xyQ	2
SbyiNSwLllJuZNQF4CI0jA	4
J73rHBgfBEbZ4wqfxI4nw	4
Av0mhu6eBYN2ZboW2nP5wg	4
xFlXIll1jpPm61pB1tmSpw	4
QFqhcI0rIrYhOBlbrO8Q	4
guOAMxumE4ZBZ1ioLlIsA	4
x8azF2eApY2guBGyPcNQ	2
Ebkv0pjXukwJNgYS5um9w	2
YHWReam1Q2k1WR8SPZ0fQ	4
mtVtOdcuv0y1a9wjnDS21w	4
nRxF1UJnmcbCfGe1CY1Iw	4
hTHlmJYcuilkTvlj4Pg5A	2
F31sQiGlZOsJgqyLlwcN9w	2
WsXIwZV1Y6LtauVfxxMkWg	2
G1JYyePi35UCkOWsMsbWA	4
K0p8UnnsIgHsSE53iKO2Wg	2
2zMD27ubiJEhFQKWBPjQ	2
3cT422sxzwNNf9mJ4kvUhg	4
ZGRr0aBv9qRGAXTaqskMw	4
wksd9gpuK6jgg8glzZV4Q	2
v4aaZff68qxBBvoIaVRp2A	2
mw2FWXWDdTnBZsDzAUPWw	2
5hyhNmP2cXFQ1ktp4moyOQ	4
55X78gSfOD6tuTQefxWkLA	2
zOnEsiZ4XCNh51tEmv3a9A	2
drHajExERJdUoJbXFavMpg	4
NzHSMEHOkyBMe2xXxQQEA	4
jFV7RRzWa2ci0u18jREYsg	4
NunhyhvVJ1Ro77db1h4Dag	4
IuzjaWk1mTbndSvoziZ9Q	4
EqXnIfwykD3qLSTHrK3vw	2
sjaR0R6ORe52tnZ39puvqg	4
YlC93KDg2kYdSTPJQPQAA	4
jOwgkEdV1nAFv1kDXkfjGg	2
B2q44EphIRB3QUM1fd7Gg	4
OiuM9YsqKlbYOEvB3kgTSw	4
o80yxvkXC533iM7ZjI0Low	2
OT1txDvkxc8wrtpaQVmoA	2
tNrIuVrvzaSAzH9Ds2aEw	2
Ewd8MSrIhjOsmbzkTdjOzQ	4
7FFfMDWgF9eO2ndtSnvU3g	2
0OxNYKqhLZ5ErWNQhttAg	4
nZeIzrcK77k9dp35Nw8eFg	2
TsB9QfPTDel7jYvNY5XRvw	2
SgNCNoLskWBFjg7lMv7g	4
c9T21VCQ8XLqfWNCsmTVQ	2
iIpI3PSqBBsKxFqeOzi5yg	2
SgIQr7smVlHq0mfI2kKw	2
9ivkvPUQy68ronPXegDq6w	4
vKr6UPVzQr90LY0JsWJyVg	2
ZG6RHCrwdqpm0tCRNIySNQ	4
10LmsiJEDtElGYtqAbb0vg	2
jzSXq5qs3RDOLg7Rh4dbKg	2
03zxKtUAK90k8b2S9FDJQ	2
jKrXj4KPkGeMOnmKl4e7hg	4
PRFpzD15McC3oz7UND0gkQ	4
qDULJUGw045fjUDesVNb8w	2
BaMr6ZvizglqPOSm9xljgg	2
IZCWBC0BdWbEmc91YxDw	4
vpqvfL8LW9xiBWxOeimnQ	2
ijlewyWclqKlrXiPYOYcdA	2
jgcC85upY6iQoygqWOK0Q	4
bNUpWvhcJZ4VXK6j4HVKA	2
LqbkrBeW1ZxVVzBvYswQ	4
WqCckaQ2RHeYekbsYEVuw	2
m0vwiw9lgTjepUzD2PRxIA	2
woqFJAJn1m1fp8d7tZrn4A	2
eZrso1ddPcpIaIOCF3sOQ	2
sUYRXgshKVIU2qERQpOy9w	2
OZ8Kt8hMGp64c4qNt889eQ	2
TgNYi9CPJitMCnm0yK37A	2
wlMtC9OEue3TogZ6BWogdw	4
uz3AGMH9oaboScJXtVM7jg	2
zF0pGvoajkMlFR1YNwTWg	4
2KhDsShyc5ch2bHy1GWpA	2
r1k9nZSjJKKj9HoUDbexw	4
2OQHQiYOStzCaBUOQgfJA	2
fpTxwKGmSitrM0MxOJM6Q	4
O5bnJjonNynz4wRac6OqA	4
eGYRmlaUPlWmrp2CweqOQ	2
jbHj7wRSW8hK1vDWIbJElA	2
0vFEq5AQH4ST0BWaGRT0A	4
brQIzaqdAHa0k63K9Jfg	4
1Joj4ufvLQ76WNV73rjd6Q	4
0K1vV45QTb8rsMxQ99QSow	2
18nz5VLQaQZgd9jDj6973A	2
6LcVcQOgEutitNWwcbKgag	4
GPsTu5p6m7E1wjshX2hQ	4
DO8xRzGJyODqMBjJ2zqDA	2
bbmcJ6x7WPIlAC6gcNYqjQ	4
KYbUrCqUfFAJ0ozTRRdGQg	2
gEs0mA2xJ5PqJXyyOAx2Vg	2
nifw3GcXt6jJIa1yHnoiCg	4
nLcRMYrvhbMD5wj4BRoLw	2
E6GOWoBaOpCHlSOEnUqlUg	2
EGl08Maun6KqghU8Du7XfA	2
z2Pr5RLcFRYQcPuzA8FXw	4
4CueCTH919qyS6Ftgxiuzg	4
IkSoPrCIbC3dtQqkZs1w	2
OZoFtx3OPubhaIcq3WkQ	4
5mdlqWbgVM6g67KIgypVw	4
Jitqtd8cbaIyZVZuq2Jg	2
GbvvgrUrcWCr4jltiZCvcw	4
BWov9vNFot5ZbFsRxvxDQ	4
WU27df1zACtkaJlea3Piw	2
fMb1iXUBGhUsja7gALTxhg	4
yCNJ2ivzwM1sbfbwqYo9QQ	2
NaJcBcS3swzRN0FSxpL7g	2
oY8XxglshjjtwIPSx4ug2w	4
80WHhtg2rdFfoaqJEBxLw	4
3RG66kDUBgZEjKzk02qhsA	4
opqLNqO0K6uAeOPpd5ttQ	2
MfPXGFpSZOK4aEIidjMOQ	2
AGhINqKd7l5A1XQM7jV8Vw	2
ntRq2KqWoWxmWRtcLATRA	2
Qulx01pskU2z1UgtrXqSg	2
qf6EC90CAkaJrvELHo4ckA	4
Oi9f6LLrt06XEG0UjY8Apw	4
Nqz2oo0iTrBp5qwHbWzw	2
zrPoyDeovpkvzuQson86xQ	2
M88fpmcDI69N26gGU97nQ	2
093AKWzCjGhWpwMGpRdKxA	2
ucBXtbJU7pqLAVVFW9ufmg	4
fZtGjKzY1BG3VSU8wC7UCw	4
rM8ORkyYum9umuWFCrc1aQ	4
Dpvtp7WDqEpQZJjPPPLpg	2
3qYdRRO0NtjokwiUq6q4w	4
vlFfQfyOwhCnU8NHvgeSQ	4
6Cac9nBEnBg8arW2Sd42g	4
ZdjMK9sEy5eEHOFD55XKow	2
1vMRvQHLQ8SXPyFg1KLYQ	2
WVibVIQkQokKcxbVYd89w	4
zlgJONeppcvT3QTqoObJ0A	2
g2rMm4aPL1nrB1czVGsZQ	4
2Nj8K4H5zboaxytrEMZodQ	2
BzKHJrRXNPSUEpcTWFR7w	4
Pf0muUpXtsYymnQv8ckoZA	4
J9aGn2J6lVobu8vPNOQ7yA	4
g2c8dlnRDffxv5LAuHbTw	4
kSMP07WctGzuGP3FpCXQ	2
AyYoQzkgmg9n58YsF8vQ	2
sAHIDsCYUbO0jbIuKkOyZQ	2
QfMEBU2h1FyRySJTlcT0w	4
cVniVfx3g73nC3RoFOLow	4
MaXaXKWHgZPwpOdY0RKdQ	4
DdWJXjzxfFCuulTTGCmSNQ	4
DUaVNuuYlQ1tOnu7RVWETQ	2
JaPmPmyRQeidn9jRcz1Cw	4
xc92LUDgxvY4l4F6gk4ttQ	2
Vhe3qqVScKrdc80PkdSvgg	4
lBc7mEh89QrcAAipmunJ1w	4
tURnuitvJek0avPLczpAPA	2
zHt3Qd69u1evl8giNLCfw	2
xuwhXhfSF3FhJm6kfhH2JA	2
seZSra9fIuoPVbROLNnKwA	2
aa0kTVaIoriLIlhfJVHOg	2
BTQ2k2KAqZ7MKGIZa9gd9A	4
EAeGf1W6yJXkQU7ThhhjVw	2
RJRDLZ9fxig6W89jKaELQ	2
dVhAA6KJQLEnNwfmF4W6rw	4
Gbn0b9LBv16zHp33iXc1Mw	4
1KJvQ4UDRJg451UjyL6Efw	4
xvIGESYLqkwHhxoGtOjkJw	2
kq0YmR5ECJkcvpWvu97DxQ	2
MstnMKhp3aCRCQDCa9KkaQ	4
3Ponl8CnqVtNv5a0ssH5g	2
tI0F9fFwAe0t8SMLSPvdQ	4
3zQ7Gsw6eOCm3epZjXIkg	2
GRXSM3u1fH8SMpNWtyFuA	2
qXzOa3pkvM9QHTbDbefbQ	4
gCC1zJhZh6ePDbL2eY2pA	4
gCVaMJB5iSjKIG65InwUaw	4
9osza80lzc6w7hZRUUoQ	4
jfVSmbbOIjo3jzlfj5iAdg	2
wT0ZdZroKCVLA08A2ufQ	4
liQYd6GbADx380MQeUbv6A	2
UyoHuJofTsugfiZuT2J3w	4
tzNygqu7vkdh17bbJe93ZQ	4
hfEKJWfSTH2lwjPWmOimeQ	2
RWTDE9l5HtxHLHl7oGvQQ	2
Twib6RuJGJdT3VYATKYSg	2
jLGbdjooyBpw0HfejzOFQ	2
6fUBUnPVThhxH0iKSZHVPQ	4
6bGOH5q5JCbc3sY1vXA2mA	2
BvZc2ZzAhlJJHHPtCTvIlA	4
U5mpBmfqx4dACnttb5Mntw	2
n5E9mZcAVDBumqgwQfp5Q	4
q3OWRGLiUH4FTAErCNN6g	2
kxbBatdMP09d1YHct3po2w	2
KZ64LlsrrqpexT5589pg	2
egV16xIXZ1Mm97fcNUMng	2
LHLaqYjVM9i4QnhSMb4w	2
z4tntaYpYRzGZpEUTTnjZg	4
BYJnlGxXAOSSNNhCdylDEw	4
0thQGA9Xs9CeKCMh5iIXqA	2
cZhgWdRE9JKHbbrhfhg	4
oghnKBbu50r74lmEiGGV8w	4
KOIav4bHafEHdcByNVidPA	2
umrPxeZdcKp8NsV9FsK4g	2
0h11RE8sbNiezJTLJfQOQ	4
LBGcR70ewUNHADlOLtK3ZQ	2
NC1AAJtETMmTMtfIaYTIww	2
ntGRBjVJmolhz2mxaudHg	4
iJoK3Gv3yiv7BC7Oqc2Yw	2
4myp8N0ym7m1IERrx5zA	4
C3atCvhWKXZcB96PC8Seg	2
t1ugaxECPCl4mAQ3bCoQtg	2
TLwaG4tUaQrVdmXReoA	4
fiqInvqozVMdc8bfVuueA	2
CL1hVshkvUBk1Y54YWmDQ	2
wPrdOJ4KJV1uLymLDpf0Q	2
tkcj2x4nbTD7QSl3olAA	2
qbPdJm0qOBa2aDRKi3dYRg	2
Rfexa9BiaVYkMxJQtm5A	4
nI66l5mITltog1iQRoNUg	4
vLUAp4KtObpZUGuCqS7Uw	2
0raJihiwX5W1aPtqq8WAA	2
0bu49A3XkWIb0s5lnKDxg	2
67C0CzyLUNs4UoGRdj3hGA	4
wJpLbFt95oXyvC1VSJ7DqA	4
81utE4AMFUHj1mFTxAgZ8w	4
tJDESnyJKYS1iwHFTXTZQ	4
eSCHL5KMNHaz0V6ke8ez2g	4
yGOXzVVdTenUO1x6HoXLKw	4
UlSHzNAOe2k0UVVX7T26NA	2
LJZOl5DBejrTDcMKLBTMw	4
7AmWvGDHxXQ9jp3XPIaUw	2
KF8DbvmS8eB4jBBtvh9w	2
po8S8tuzra6X7Oq6wgUSw	4
Adwjk8IGEizNv2gEXPviA	2
7n8z7koldmv1gbO064zLw	2
h4GcXB9dSYzI8rzdnAfsw	4
GunWVDxk4lhDqkNqNSfxQ	2
q61UdliluCTQBTxeS9YBoA	4
84gHDuFTKIClgcXFXdCg	2
vVGpqYkPH5jSmB2WM9ew	2
RiFlAsJAkJBa3rWKosxwQ	2
fcJ24UVala70qu3SQV57w	4
CZLUCtPeZ8gKNmFoRgTQ	2
vWY4yREMktDYxzz8wwAcA	2
4tPXcCjHtXfSHwyQ16jw	4
T1Lu6UeSHH6AZmzl9pnz7w	4
CdofWTGZoOXNcPLmXKPgsQ	2
zABSypriqMwCaPmX75ZtaQ	4
gItKQueBtDpbQI0GwxjQ	4
ggr9TDU0bVnZBEsiObxYEQ	2
b1kLsgl6nc2blZXRAGjXw	2
tV7u6NrHHzsxPS6l6jfbA	4
f6tlchzyvHAwY0QbO3wQ	4
5Q7o6s1bRU7vBRB5a9yGEQ	2
uEiy6CvEOWo04kN1wdJZtg	4
jV8aDYrQ4LFHb0b0hC3Iw	4
v6pqzYfd7XFM4t6fWI1wQA	2
